pid,nombre,rut,sexo,edad
0,corban stacey,15286948-7,hombre,31
1,summer clements,13993032-0,hombre,29
2,sia begum,10348170-8,mujer,27
3,rochelle cain,46088353-9,hombre,27
4,ollie morrow,20180335-7,hombre,27
5,frederic brooks,37630974-6,mujer,44
6,aadam dunlop,66540267-3,hombre,33
7,jareth castillo,45631604-2,mujer,52
8,alesha roth,80885102-4,hombre,19
9,khia kline,22587614-2,mujer,22
10,clayton golden,29728267-0,mujer,27
11,toni morris,79029236-7,hombre,25
12,rahul horne,95435510-1,mujer,28
13,wyatt stephens,61662429-6,mujer,33
14,dulcie kearns,92931585-5,hombre,29
15,imogen wills,55994808-k,hombre,22
16,marianne mays,63688364-6,mujer,47
17,florrie pacheco,95185947-8,hombre,29
18,jaidon gay,84964932-9,mujer,36
19,clay huynh,54106148-7,mujer,18
20,alisa carpenter,56781936-1,hombre,39
21,darcie-mae hutton,99116865-6,hombre,37
22,tyrese bishop,54178021-1,mujer,29
23,nyah croft,68035652-1,mujer,26
24,evie-grace hayden,83131309-9,hombre,39
25,katie yoder,57078757-8,hombre,34
26,ottilie campos,78166652-1,mujer,28
27,jasper harvey,32359787-1,mujer,54
28,gabija norton,12460058-8,hombre,19
29,alexandra naylor,85594953-9,mujer,39
30,francis luna,35776394-0,mujer,46
31,mahi vargas,44171043-7,hombre,28
32,jonny cortes,24945173-8,mujer,25
33,ari tomlinson,14377401-5,hombre,21
34,cem buckley,54801563-4,hombre,30
35,roisin contreras,61514910-1,mujer,22
36,uma morales,77020926-9,mujer,19
37,shamima wormald,21924647-1,mujer,24
38,eleasha craig,58000701-5,hombre,24
39,caitlyn mckenzie,76160177-6,mujer,39
40,romilly heath,38317707-3,hombre,26
41,jordi thorne,59089616-0,mujer,57
42,malaki wiggins,94123958-7,hombre,21
43,adela cordova,85394005-4,hombre,21
44,alys schwartz,33298524-8,mujer,36
45,jill baker,40588157-8,hombre,57
46,jad mercer,62820832-8,mujer,20
47,darla childs,61995722-9,hombre,21
48,manav hampton,60211995-5,hombre,34
49,vijay palacios,51667797-k,mujer,20
50,laith paul,74357811-2,mujer,49
51,samirah o'brien,76356563-7,mujer,38
52,charlie rahman,99837067-1,mujer,22
53,eoin sosa,28060713-4,hombre,29
54,teddie leal,15614052-k,mujer,34
55,dillon reeves,83917354-7,mujer,34
56,alasdair lucas,27852199-0,hombre,56
57,sabah skinner,74895468-6,hombre,46
58,harriett castillo,81559564-5,mujer,24
59,macauley davison,63459997-5,mujer,32
60,reginald tanner,45717384-9,mujer,36
61,kacy stubbs,55012555-2,hombre,28
62,timothy senior,22274441-5,mujer,29
63,annabelle stephens,33090056-3,hombre,35
64,codie sampson,25342278-5,mujer,24
65,quinn munro,60574488-5,mujer,29
66,ethel colon,65855526-k,hombre,50
67,haley bonilla,55326528-2,hombre,19
68,afsana roth,31690607-9,hombre,21
69,loki snyder,13938471-7,mujer,45
70,milena bright,12957899-8,hombre,37
71,oliwia livingston,33572631-6,mujer,27
72,anne bray,34966889-0,mujer,27
73,alexandria garrison,47377094-6,hombre,30
74,awais berger,46187096-1,mujer,39
75,braiden hoover,26635765-6,hombre,29
76,charlene chester,79446327-1,hombre,38
77,simone akhtar,18969557-8,hombre,53
78,andrea chen,21840388-3,hombre,51
79,yisroel o'neill,69265725-k,mujer,19
80,arwen flores,47673879-2,hombre,34
81,kimora ridley,33461543-k,mujer,28
82,jayden-james mckay,38717290-4,mujer,25
83,jeff lane,69705129-5,hombre,21
84,mary manning,53234460-3,mujer,30
85,hermione ventura,58593290-6,hombre,27
86,nataniel miller,44100123-1,mujer,22
87,agnes singleton,43776217-1,mujer,34
88,florrie drew,59445067-1,hombre,55
89,grace o'moore,70851011-4,mujer,39
90,julia moses,77941465-5,hombre,39
91,keith mccall,53511335-1,mujer,40
92,caprice davies,60517573-2,hombre,22
93,tiffany may,53747213-8,mujer,21
94,herbert hawes,46491043-3,mujer,19
95,kelise fraser,73543707-0,mujer,19
96,lacy simon,79861684-6,hombre,23
97,marianna barry,61786224-7,hombre,21
98,shay glass,38405094-8,mujer,45
99,nathanael carlson,70733075-9,hombre,24
100,campbell vazquez,89200986-4,hombre,36
101,fariha barnard,71962392-1,hombre,20
102,subhan pearce,53329659-9,hombre,22
103,petra sharp,78156640-3,hombre,24
104,olivia-mae carey,69760987-3,mujer,24
105,noah avalos,79625227-8,mujer,31
106,ira houston,95777850-k,mujer,26
107,mcauley robles,34352032-8,mujer,48
108,stanley soto,58748811-6,mujer,26
109,geoffrey ellis,96213302-9,hombre,20
110,aviana nairn,78918085-7,hombre,37
111,anaya rice,62832139-6,hombre,52
112,teddy henderson,11091024-k,hombre,51
113,naya melia,29676675-5,mujer,59
114,lorraine maxwell,89793517-1,hombre,20
115,ivie perez,25198755-6,hombre,26
116,riccardo hamilton,80588097-k,mujer,19
117,tyrique healy,29989393-6,mujer,22
118,jonathan turner,30224213-5,mujer,40
119,tierney mackay,79344858-9,hombre,20
120,corrie kirkpatrick,84729190-7,hombre,29
121,kimberly mason,97632703-9,hombre,20
122,darragh foreman,44770429-3,mujer,21
123,nel carson,63421928-5,hombre,39
124,zayne crane,31459690-0,hombre,29
125,lilli leech,13904984-5,mujer,31
126,adnaan rowley,34183638-7,hombre,26
127,sian montgomery,51827744-8,mujer,26
128,arham johnson,58496906-7,hombre,26
129,josh fry,93066103-1,mujer,23
130,marwah wiggins,82833215-5,hombre,40
131,john-james burton,60747994-1,hombre,22
132,kohen tait,87772349-6,hombre,31
133,adrian fitzgerald,59444986-k,hombre,27
134,tevin walter,34882918-1,mujer,46
135,mila rhodes,49166815-6,hombre,58
136,alix thatcher,90594532-7,mujer,30
137,judith stott,89025372-5,mujer,22
138,nabila byers,30854312-9,mujer,25
139,verity murray,60987426-0,hombre,47
140,talia ellwood,41704207-5,mujer,26
141,nicky o'brien,15460166-k,mujer,20
142,jamie-lee cook,96863860-2,hombre,35
143,casper pruitt,11554909-k,mujer,47
144,millie-rose frost,83118985-1,hombre,21
145,ignacy leblanc,46962859-0,hombre,34
146,marcelina lowery,71075215-k,hombre,30
147,nyla paul,91059844-9,mujer,42
148,rhianna gilliam,93207016-2,hombre,24
149,courtney o'sullivan,53171533-0,mujer,38
150,rebeca park,32628385-1,hombre,41
151,lola-mae kay,93840785-1,hombre,23
152,makayla crowther,25368817-3,mujer,20
153,faiz edmonds,25750021-7,hombre,21
154,cadi stokes,79758989-6,hombre,29
155,jibril davie,99748016-3,hombre,32
156,jasper hicks,53038300-8,mujer,19
157,kara rivas,87634133-6,hombre,25
158,amanpreet mata,81955785-3,hombre,39
159,patryk vang,18076157-8,hombre,26
160,siyana krueger,14811794-2,hombre,19
161,hailie kirkpatrick,45589350-k,mujer,34
162,amelia-rose nguyen,22479749-4,hombre,45
163,callie collier,80843691-4,hombre,29
164,owain rollins,28738037-2,hombre,46
165,abubakar bowler,90471139-k,mujer,27
166,jean cullen,20032612-1,hombre,54
167,edward truong,44060880-9,mujer,27
168,christie zavala,44604413-3,mujer,29
169,annaliese rosa,48161908-4,hombre,25
170,bridget mckee,10669832-5,hombre,56
171,kofi mcdermott,22532060-8,hombre,37
172,arla hinton,10619372-k,mujer,21
173,sophia ryan,34846808-1,hombre,28
174,subhaan corbett,93009498-6,hombre,37
175,mared pineda,17459269-1,hombre,60
176,danica hutchings,48433213-4,mujer,23
177,abbas gonzales,85884715-k,hombre,39
178,scarlet banks,83386046-1,mujer,28
179,suhayb frame,41740767-7,mujer,27
180,imaad knox,35785969-7,mujer,49
181,carys conrad,78479752-k,hombre,31
182,heena valenzuela,60854678-2,mujer,55
183,reyansh mccormick,86367440-9,mujer,29
184,shahzaib bellamy,44749202-4,mujer,31
185,ihsan kelley,51093069-k,hombre,23
186,tyrell clay,23970806-4,hombre,47
187,kathryn whiteley,15373219-1,mujer,32
188,chase horner,30680313-1,hombre,23
189,oliver fitzpatrick,80282829-2,hombre,25
190,angus fleming,23648509-9,hombre,29
191,naeem sharpe,72157153-k,hombre,29
192,javan wiley,57728317-6,hombre,21
193,sienna neale,58303600-8,hombre,22
194,korben hurley,64651214-k,hombre,21
195,julie hart,23819538-1,hombre,48
196,rafael cisneros,41226633-1,hombre,34
197,adela tillman,86164302-6,hombre,45
198,justine black,32211035-9,mujer,25
199,adam grant,52247620-k,mujer,29
200,alana rahman,46787382-2,hombre,22
201,rehaan dunlop,70116705-8,mujer,25
202,dane sharma,30928102-0,mujer,42
203,nakita meza,33466037-0,mujer,52
204,daria ellison,63483183-5,hombre,49
205,ilyas puckett,34012878-8,mujer,28
206,raees livingston,62425949-1,mujer,26
207,kien christensen,33199896-6,hombre,28
208,kiran hanna,88697741-7,mujer,36
209,krista head,67414624-8,mujer,33
210,cleo aguilar,37220030-8,hombre,20
211,conrad buchanan,85122660-5,mujer,36
212,arif thorne,56485501-4,mujer,33
213,sonya smart,31793868-3,mujer,27
214,milly olson,48176712-1,mujer,25
215,adyan wicks,77214559-4,hombre,52
216,danyl boyer,62196038-5,mujer,29
217,steven hills,20034783-8,mujer,37
218,fred salter,92898031-6,mujer,31
219,taine ireland,97675067-5,mujer,34
220,bella-rose cox,69251591-9,mujer,25
221,lillia hartman,45385992-4,mujer,26
222,ellenor lara,11544489-1,mujer,35
223,jorgie power,58844715-4,mujer,23
224,donna montes,75903526-7,mujer,27
225,mai regan,80698616-k,hombre,35
226,abdur heath,40127235-6,mujer,41
227,freya gross,53609901-8,hombre,24
228,elspeth rice,63974341-1,mujer,36
229,christopher macleod,51433500-1,hombre,51
230,bernard wells,12815044-7,hombre,30
231,myles nash,58976828-0,hombre,52
232,alyce kirkpatrick,42678415-7,mujer,33
233,brandi conroy,63936216-7,mujer,19
234,lester contreras,71162268-3,mujer,51
235,aria massey,66478458-0,mujer,26
236,maxime haigh,49718772-9,mujer,20
237,madeleine henson,82319208-8,mujer,21
238,arslan horton,13690129-k,hombre,39
239,jobe hopper,69135613-2,hombre,31
240,caius ball,57133149-7,mujer,22
241,naima perez,89265324-0,hombre,40
242,sulaiman martin,11077126-6,hombre,40
243,thalia scott,21823347-3,mujer,27
244,natalya morgan,37981852-8,hombre,34
245,andrew santos,26100581-6,hombre,19
246,cora becker,73557956-8,mujer,27
247,allana jarvis,26617374-1,hombre,37
248,scarlett cassidy,33911863-9,hombre,26
249,kyle aguirre,53783913-9,hombre,30
250,david beach,43173481-8,mujer,28
251,mehak dawson,80600254-2,mujer,23
252,finnian waller,45751112-4,hombre,18
253,rupert ahmed,22027409-8,hombre,27
254,kelly keenan,56944351-2,hombre,32
255,gage stafford,11798235-1,hombre,59
256,yahya york,41091494-8,hombre,21
257,tyreece cohen,69777560-9,hombre,35
258,tanisha allen,89861491-3,mujer,31
259,amie fuller,10254486-2,mujer,23
260,anam mcarthur,12166206-k,hombre,44
261,georga duffy,11557739-5,mujer,47
262,dante nava,88732812-9,mujer,27
263,santino robson,54475883-7,mujer,23
264,roan stubbs,42162871-8,mujer,34
265,albert irvine,62036438-k,hombre,22
266,warwick webber,86819507-k,mujer,34
267,uzma burris,61774912-2,mujer,28
268,tyreke gilmore,12412672-k,mujer,23
269,kaylan huff,64063874-5,hombre,29
270,gene melton,50511840-5,hombre,28
271,alistair sanford,70012917-9,mujer,59
272,libbie camacho,87859472-k,mujer,59
273,dania love,16836029-0,hombre,27
274,abbi millington,68903163-3,hombre,19
275,ritchie rose,50022661-7,hombre,35
276,cooper draper,24796080-5,hombre,27
277,avani phan,51193594-6,mujer,39
278,alexis kearney,30364676-0,hombre,22
279,arnav shannon,82376572-k,hombre,54
280,evelina dickerson,13068977-9,hombre,46
281,zayaan paterson,12673702-5,mujer,28
282,alister hills,45400053-6,hombre,20
283,kajal short,40644356-6,hombre,22
284,trystan wall,50321392-3,mujer,35
285,abubakr benjamin,67609462-8,hombre,21
286,zackery sheridan,83028620-9,mujer,29
287,izaan byrd,89077953-0,mujer,30
288,billie durham,93550420-1,hombre,29
289,lois charlton,58366562-5,mujer,29
290,jade thatcher,47981838-k,hombre,30
291,nafisa foster,73178495-7,mujer,25
292,cleo goodwin,29950437-9,hombre,49
293,austin riddle,14240870-8,hombre,24
294,ines fountain,59150917-9,hombre,34
295,keeva allan,60158787-4,hombre,37
296,shelby holder,33802463-0,mujer,23
297,lara mcmahon,20672410-2,mujer,44
298,josie ibarra,75295314-7,mujer,26
299,effie washington,79687907-6,hombre,22
300,humairaa knights,70368495-5,mujer,29
301,hina oneal,42679613-9,hombre,18
302,rayan mccray,34603233-2,hombre,24
303,kory hays,17286061-3,mujer,29
304,kerri herbert,11453035-2,mujer,20
305,ranveer cope,58963604-k,mujer,23
306,trey evans,82903113-2,hombre,38
307,aran osborn,85778387-5,mujer,57
308,arfa crouch,88104231-2,mujer,54
309,harriette hubbard,44840159-6,mujer,24
310,annabelle hester,33874298-3,mujer,41
311,jevan martins,22937366-8,mujer,25
312,gregg douglas,18902520-3,mujer,55
313,caspian potts,22412109-1,hombre,23
314,bryony henry,68155764-4,hombre,27
315,finnley orr,22169359-0,hombre,20
316,cayson branch,22913410-8,mujer,26
317,rhonda reeve,97538963-4,hombre,26
318,martina betts,41266992-4,mujer,30
319,kinga redmond,78459862-4,hombre,22
320,henri barrett,26113418-7,hombre,40
321,izabella bate,63699218-6,mujer,19
322,elleanor kane,86339917-3,mujer,23
323,heath cruz,35480818-8,mujer,30
324,isabella-rose patrick,70841109-4,hombre,25
325,ava gilbert,81203114-7,mujer,21
326,haris humphreys,38072383-2,hombre,28
327,darsh macias,36692442-6,mujer,20
328,alexandra barrera,82429778-9,hombre,22
329,zubair benjamin,19150492-5,mujer,29
330,gerrard ho,22150901-3,mujer,47
331,cerys clarkson,86083776-5,hombre,34
332,callan lowe,56093204-9,mujer,26
333,maddox moon,66169613-3,hombre,35
334,zaine trujillo,20820475-0,hombre,19
335,jardel keith,40597717-6,hombre,25
336,fred sharples,54451953-0,mujer,19
337,catriona cresswell,83640016-k,mujer,36
338,mysha firth,77354291-0,hombre,22
339,thea stephens,64043694-8,mujer,37
340,aleena maguire,93433032-3,mujer,32
341,evie-grace middleton,36706688-1,mujer,47
342,adrienne lamb,26475026-1,mujer,20
343,bridie stanley,15369176-2,hombre,51
344,taybah best,33006349-1,mujer,28
345,enid flower,77785207-8,hombre,31
346,edmund whelan,57792927-0,mujer,23
347,carrie-ann dickson,19142189-2,mujer,22
348,sara horn,27143992-k,mujer,33
349,reiss lutz,19410523-1,hombre,29
350,oran valdez,21672114-4,hombre,31
351,summer-louise strong,99463426-7,hombre,30
352,rhydian keeling,44372095-2,mujer,22
353,aisling chaney,80228379-2,mujer,25
354,lulu sexton,21330792-4,hombre,36
355,elliot pacheco,37184049-4,mujer,20
356,cem moss,13592940-9,mujer,32
357,zeshan mcmillan,36205098-7,mujer,20
358,mahnoor legge,96828461-4,hombre,31
359,nina holding,17159919-9,mujer,36
360,hiba clemons,44822766-9,hombre,43
361,kasim brooks,61892040-2,mujer,25
362,nakita kelly,60031280-4,mujer,36
363,hughie storey,20600805-9,hombre,25
364,keanan cordova,90739234-1,mujer,33
365,hailie robertson,59137080-4,mujer,29
366,lily-rose wharton,43329730-k,mujer,29
367,presley mcgowan,42354523-2,hombre,28
368,alister hartman,91461351-5,mujer,30
369,iris fowler,69167855-5,mujer,21
370,kailum caldwell,81560843-7,mujer,52
371,mila-rose ramsey,72856019-3,mujer,27
372,julien sloan,35656775-7,mujer,20
373,yisroel wheatley,22566169-3,mujer,59
374,tyler-jay forster,76563311-7,mujer,35
375,justine wood,22001298-0,mujer,31
376,rianne coleman,87548946-1,mujer,36
377,demi-leigh byrd,22977216-3,hombre,33
378,eleanor charlton,28353821-4,hombre,27
379,indigo liu,54570173-1,mujer,20
380,gavin jeffery,37742604-5,mujer,23
381,kiera mccallum,71518049-9,hombre,30
382,nimrah lowery,66398573-6,mujer,32
383,nichole savage,16315937-6,hombre,26
384,ellie-mai hutton,14885951-5,mujer,26
385,arfa boyer,30775222-0,mujer,20
386,jacques carter,75910499-4,mujer,41
387,georga salinas,85055980-5,mujer,51
388,sylvia mcfarland,50536630-1,hombre,27
389,samad neville,54122700-8,mujer,19
390,collette munro,72429091-4,mujer,19
391,bryce watt,75281837-1,mujer,25
392,theo davenport,32750103-8,hombre,39
393,melisa travis,56350683-0,mujer,34
394,dalia jefferson,10619776-8,mujer,23
395,johnny perry,64269343-3,mujer,24
396,gina cortes,77366538-9,mujer,32
397,margo stuart,21875469-4,mujer,26
398,gracie-may patton,14002078-8,hombre,28
399,bree cleveland,37608219-9,mujer,30
400,clarke mcloughlin,83330704-5,hombre,40
401,sheila gilmore,57931953-4,hombre,51
402,bea mcnally,63382431-2,mujer,26
403,cyrus fountain,98296705-8,mujer,21
404,lacey thatcher,59495529-3,hombre,38
405,laith zimmerman,38235761-2,mujer,22
406,teodor lim,65731455-2,hombre,31
407,sherri kearns,38470405-0,mujer,22
408,maiya villa,20789297-1,mujer,48
409,mack wallis,53456223-3,mujer,28
410,clodagh greenaway,80508950-4,mujer,26
411,carter richards,94864113-5,hombre,30
412,robyn riddle,36432728-5,mujer,39
413,erika greene,25497638-5,mujer,49
414,omari fuller,48459253-5,hombre,27
415,lewis mcleod,17070747-8,hombre,28
416,elliott irwin,13890944-1,hombre,37
417,madeleine stokes,82993651-8,mujer,32
418,vikki partridge,44380500-1,mujer,19
419,arianna vazquez,50319391-4,mujer,57
420,campbell shepherd,81602032-8,hombre,51
421,carley dixon,91888493-9,mujer,23
422,elizabeth hopper,81234956-2,hombre,38
423,reya bruce,53383454-k,mujer,29
424,karter swan,48996426-0,hombre,37
425,hettie sweeney,99937169-8,hombre,29
426,sienna weaver,37839960-2,hombre,49
427,evelyn duran,31845287-3,hombre,51
428,ava-mai spooner,15451762-6,mujer,40
429,amanah mckay,93635199-9,hombre,28
430,alanis clark,73833231-8,mujer,26
431,anish coleman,46188032-0,hombre,23
432,elle lindsay,97404549-4,hombre,38
433,brandon rodrigues,46033111-0,mujer,55
434,allison costa,83029887-8,mujer,38
435,anis cohen,37376941-k,hombre,38
436,beauden gilmour,18165501-1,hombre,40
437,jannat o'moore,83635222-k,hombre,26
438,aanya foster,95759065-9,hombre,31
439,mylah long,25327705-k,mujer,50
440,kayden delarosa,82693313-5,hombre,34
441,fahad travers,56474633-9,hombre,24
442,samiya hardin,84911278-3,mujer,30
443,jake hatfield,64501886-9,hombre,19
444,joseff peters,20467855-3,hombre,20
445,maisey alexander,76396643-7,hombre,19
446,lucy dunlap,41545483-k,hombre,36
447,nathaniel mcgill,54593722-0,hombre,54
448,layton sparks,74269105-5,mujer,22
449,jiya irvine,16689945-1,hombre,20
450,dylan nicholls,92951996-5,hombre,41
451,sameera robson,71180222-3,hombre,30
452,kaeden frazier,66185512-6,hombre,39
453,artur stokes,54245196-3,mujer,30
454,patrik dodson,52650167-5,mujer,45
455,marnie macfarlane,31194216-6,mujer,19
456,daphne mccallum,75981648-k,hombre,30
457,luther simon,67314332-6,mujer,21
458,hasan harrison,79308193-6,hombre,40
459,taiba richmond,49628420-8,mujer,23
460,olivia-mae hicks,26135720-8,hombre,20
461,kurt sutton,28370900-0,hombre,52
462,reanne cooke,32219010-7,mujer,21
463,haleemah baxter,14408869-7,mujer,25
464,codie galloway,27183294-k,hombre,19
465,lance weber,26249833-6,mujer,26
466,cai mcneil,35115737-2,mujer,22
467,cally hopper,38578737-5,mujer,30
468,sebastien petersen,89213188-0,mujer,53
469,shane kelly,34823992-9,mujer,43
470,guto benitez,59890575-4,mujer,21
471,anees morse,66284985-5,mujer,36
472,liyah cooper,93176945-6,hombre,26
473,shahzaib espinoza,34975310-3,mujer,50
474,suzanna romero,80558312-6,hombre,22
475,matias strickland,88408240-4,hombre,23
476,georgiana yu,68225683-4,hombre,26
477,amritpal whyte,29295221-k,mujer,22
478,lucien watkins,22760013-6,mujer,21
479,carter plummer,27003910-3,hombre,25
480,sabiha o'quinn,93129167-k,mujer,60
481,tayyibah mckinney,18067050-5,mujer,50
482,jibril hall,89118524-3,mujer,28
483,ahsan flynn,71389826-0,hombre,26
484,jesus small,90007582-0,hombre,20
485,denise daniel,53281073-6,mujer,19
486,isabell hogan,96735305-1,hombre,27
487,ivan allison,57829633-6,hombre,23
488,melissa ashley,29803983-4,hombre,30
489,natalya thorpe,22783728-4,hombre,26
490,anisha brady,20694588-5,mujer,39
491,zakariyah williamson,60038263-2,mujer,24
492,nayla bates,72611524-9,mujer,55
493,aubree marsden,71796805-0,mujer,31
494,pia short,14309109-0,hombre,52
495,fatima traynor,60139069-8,mujer,36
496,imran senior,30991735-9,mujer,25
497,jose farrell,80640357-1,hombre,34
498,montgomery cornish,13370165-6,hombre,19
499,kingsley goddard,73418283-4,mujer,19
500,chance barlow,59060940-4,hombre,25
501,chelsy whitley,67170407-k,mujer,27
502,alfie-james moyer,74500563-2,hombre,36
503,izabelle frey,34776869-3,mujer,27
504,bjorn salazar,97754557-9,mujer,35
505,ruby-leigh stevenson,75328775-2,hombre,19
506,theia parkes,74361473-9,mujer,20
507,kian branch,43123228-6,hombre,22
508,isla-mae calhoun,99184175-k,mujer,27
509,rodney woodcock,12205074-2,hombre,31
510,derrick fritz,34996262-4,mujer,52
511,patience waters,88283175-2,hombre,30
512,miruna friedman,35773199-2,hombre,20
513,ralphy phan,94362008-3,hombre,29
514,camron chaney,70366259-5,hombre,39
515,iram carroll,79922398-8,hombre,40
516,sallie wolf,85831418-6,mujer,23
517,lilly-grace tucker,99223381-8,hombre,21
518,avneet pennington,37925650-3,mujer,27
519,connor weir,62422623-2,hombre,19
520,ainsley read,67629255-1,mujer,28
521,jaheim william,37117213-0,hombre,32
522,suranne byrd,36600416-5,hombre,46
523,millie nava,96217495-7,hombre,20
524,tom palacios,18454632-9,hombre,21
525,muneeb huff,57041868-8,mujer,34
526,ziva langley,75129314-3,hombre,39
527,april peters,81168161-k,hombre,50
528,akash kendall,19533896-5,hombre,35
529,lily-anne barnes,25309713-2,hombre,54
530,ayaan bass,59105378-7,hombre,23
531,carter bradshaw,83123905-0,hombre,35
532,zachary marks,64268937-1,mujer,19
533,ffion allison,70202613-k,hombre,38
534,fynley glenn,34048567-k,mujer,25
535,susie crane,14197251-0,mujer,26
536,dionne dowling,17167867-6,hombre,20
537,denzel herrera,95514882-7,hombre,29
538,brandan mcdougall,48630167-8,mujer,42
539,patryk enriquez,54121962-5,hombre,19
540,massimo needham,66199699-4,hombre,26
541,maleeha rice,65809271-5,mujer,60
542,abdur-rahman o'reilly,49159506-k,mujer,22
543,joan alvarado,21878618-9,hombre,26
544,asma brook,35806868-5,mujer,32
545,danyl james,96332059-0,mujer,31
546,cecelia bender,29877385-6,hombre,25
547,abdi mccoy,97166191-7,hombre,24
548,rhonda carney,81403585-9,mujer,36
549,willis herbert,97985609-1,mujer,18
550,bella-rose rivers,47591540-2,mujer,28
551,junayd andersen,67902197-4,hombre,36
552,genevieve booth,85743167-7,mujer,19
553,bridie currie,63214464-4,mujer,35
554,samuel sheridan,82270937-0,hombre,24
555,deen smyth,80438756-0,hombre,21
556,petra rigby,73561428-2,hombre,36
557,kacie stevens,89576450-7,hombre,28
558,shanaya hewitt,45644100-9,mujer,50
559,kaiya huerta,87371798-k,mujer,31
560,maiya tierney,43654491-k,hombre,25
561,linzi wong,14200344-9,mujer,29
562,amelia-mae malone,87094740-2,hombre,30
563,florence lucero,66866166-1,hombre,23
564,sneha hagan,90601826-8,mujer,19
565,trey saunders,23494123-2,hombre,57
566,hester jeffery,20026905-5,mujer,30
567,theodore wilkes,11341475-8,hombre,38
568,manisha mcloughlin,39006777-1,mujer,21
569,mason ritter,65175008-3,hombre,24
570,roseanne nguyen,45856781-6,mujer,22
571,jana byrd,22825105-4,hombre,37
572,orlaith jones,36918308-7,hombre,30
573,fahad diaz,26849996-2,hombre,39
574,ivy-rose mcclure,41659296-9,mujer,25
575,ricardo amin,43538788-8,mujer,26
576,alfie-lee pruitt,61127746-6,mujer,24
577,ariyah mckeown,91995839-1,hombre,28
578,raife cassidy,41234355-7,hombre,29
579,solomon morton,31726652-9,hombre,27
580,amari stubbs,88726486-4,hombre,24
581,louie swan,95367461-0,hombre,27
582,freddie byrne,20209505-4,mujer,25
583,margaux cleveland,44973013-5,hombre,56
584,toby petty,84593882-2,hombre,35
585,mariah wyatt,58038177-4,hombre,27
586,kirstin fry,21630671-6,mujer,23
587,toyah wolfe,83605517-9,hombre,24
588,lily-mae o'quinn,68147125-1,hombre,58
589,arissa webb,54363208-2,hombre,49
590,leanne weeks,31359212-k,hombre,30
591,mayson nicholson,26541300-5,hombre,23
592,latoya powers,54252672-6,hombre,29
593,olivia-rose fuentes,22249624-1,hombre,20
594,saqib mill,11784418-8,hombre,57
595,priya oneil,96213582-k,mujer,30
596,kaiden ewing,75357089-6,mujer,27
597,keaton mccall,54480341-7,hombre,50
598,esme-rose wicks,41325900-2,hombre,21
599,kayleigh finley,87244280-4,hombre,34
600,clayton mckenna,75397524-1,mujer,34
601,aimie sears,72018152-5,hombre,29
602,forrest salt,98152080-7,mujer,39
603,claudia avery,44626695-0,hombre,36
604,yousef rutledge,74748755-3,mujer,34
605,alicja magana,56744324-8,mujer,30
606,arthur lara,58191750-3,mujer,28
607,adele douglas,42814101-6,hombre,53
608,musab valencia,80308047-k,hombre,30
609,thierry hurley,82254885-7,mujer,39
610,lillie-rose stokes,29522091-0,mujer,29
611,marlene hawes,41071374-8,hombre,40
612,diego castillo,76081261-7,hombre,34
613,shelbie moreno,12885071-6,hombre,46
614,deanne villarreal,67753422-2,mujer,40
615,kajus garrison,93285177-6,mujer,34
616,alaw ferrell,38895795-6,hombre,37
617,minahil kaye,59982206-2,hombre,24
618,quentin jacobs,66658505-4,hombre,22
619,ruby-may espinosa,44290962-8,hombre,35
620,tj moran,88495383-9,mujer,24
621,karina morgan,97632307-6,hombre,32
622,aryaan fox,88151779-5,hombre,52
623,ashlyn rossi,81783289-k,mujer,32
624,jasleen parker,58332136-5,hombre,40
625,darryl carlson,28673876-1,hombre,27
626,tye corrigan,28273728-0,hombre,47
627,maksim mcmahon,97355372-0,hombre,27
628,jaiden sampson,89477804-0,mujer,28
629,janine keller,45624249-9,hombre,21
630,emelia roche,66295586-8,hombre,34
631,johanna whelan,20996381-7,mujer,36
632,dominik wynn,57639262-1,mujer,38
633,isobel dudley,99108730-3,hombre,22
634,cora camacho,70551235-3,mujer,23
635,shane best,39043389-1,hombre,36
636,denis mann,92946711-6,mujer,28
637,kristen gallegos,52778909-5,hombre,59
638,roger woodcock,27161682-1,mujer,38
639,caitlan whitehouse,50728559-7,mujer,34
640,emillie frye,98661210-6,hombre,22
641,roberta rankin,22545748-4,mujer,30
642,louie harwood,36750587-7,mujer,19
643,kaleem hill,60727093-7,hombre,24
644,serenity rossi,46930527-9,mujer,23
645,manisha stephens,65485230-8,mujer,28
646,sylvia faulkner,63953205-4,mujer,21
647,jadon slater,99347364-2,hombre,20
648,maude arnold,59129614-0,hombre,42
649,eleni hansen,34349789-k,hombre,33
650,asher valentine,20774234-1,mujer,25
651,tevin wright,89671041-9,mujer,24
652,lori forrest,69822376-6,hombre,29
653,geraint shaw,59854747-5,mujer,37
654,zunairah mcgee,53087333-1,mujer,24
655,xander simmonds,91258242-6,hombre,26
656,calista cummings,17341224-k,mujer,53
657,lilly-grace horn,42113348-4,mujer,31
658,hayden turnbull,56930255-2,hombre,30
659,ella-may hayes,48333719-1,mujer,21
660,ayomide mosley,46531952-6,mujer,24
661,becky strickland,49641463-2,hombre,30
662,leigha chavez,58812264-6,hombre,36
663,ellise bautista,66899113-0,hombre,22
664,milly rudd,83469143-4,mujer,35
665,irfan britton,52158784-9,hombre,20
666,fenella schaefer,26240285-1,hombre,33
667,yasmin barr,25609460-6,mujer,22
668,marlon lott,29381516-k,hombre,39
669,dawson rayner,73290473-5,mujer,39
670,tasmin crossley,75020925-4,hombre,22
671,izaak mathis,92386054-1,hombre,38
672,korban robbins,38629675-8,mujer,23
673,homer jacobson,37797879-k,mujer,21
674,freddy simons,52698782-9,hombre,33
675,elissa schmidt,60926655-4,mujer,53
676,rita kouma,58378678-3,hombre,34
677,zack sanderson,85516291-1,hombre,32
678,toby day,69186141-4,mujer,28
679,amber-rose wardle,92244003-4,hombre,39
680,kwabena stone,74415365-4,mujer,19
681,cheyanne petersen,89751595-4,mujer,30
682,carolina gomez,35414863-3,hombre,31
683,piotr glenn,81881771-1,mujer,31
684,dulcie shelton,88413708-k,hombre,43
685,akeem hensley,84891139-9,mujer,33
686,huw lewis,79348268-k,hombre,37
687,atticus hussain,60020954-k,mujer,26
688,edna harper,14156767-5,mujer,29
689,keagan hope,91957637-5,hombre,33
690,tudor proctor,76362168-5,mujer,21
691,winston castro,10537138-1,mujer,27
692,pierce mora,29557986-2,mujer,26
693,jonah murphy,53331281-0,hombre,22
694,frances hartman,94559048-3,mujer,27
695,reece price,39038168-9,hombre,21
696,chandni stanton,11904025-6,mujer,50
697,ferne fritz,25002692-7,mujer,19
698,harlan goodman,78413522-5,hombre,26
699,elle-may iles,96251410-3,hombre,36
700,mohamed mcclain,13863556-2,hombre,19
701,lennox mcculloch,29637564-0,mujer,20
702,ajwa daly,87624695-3,mujer,20
703,aleksander patton,29009046-6,hombre,39
704,saffron sawyer,88538509-5,hombre,24
705,brendon denton,23625905-6,mujer,20
706,emile lopez,70019535-k,hombre,20
707,lisa-marie grimes,19386119-9,hombre,20
708,macsen major,62034785-k,hombre,38
709,ameera edwards,64367868-3,mujer,28
710,vincenzo preece,45026733-3,mujer,39
711,hudson emerson,54746197-5,mujer,38
712,raheel bonilla,25399600-5,mujer,19
713,che partridge,16943787-4,mujer,39
714,miyah rhodes,59537115-5,mujer,49
715,ramone guzman,40236352-5,mujer,27
716,prisha spencer,54726514-9,hombre,35
717,maisy bright,77191435-7,hombre,19
718,kit adams,70638696-3,mujer,26
719,vickie clifford,10927357-0,mujer,19
720,ricardo devine,66976509-6,mujer,21
721,payton arroyo,63216586-2,hombre,24
722,hadley acosta,32086803-3,mujer,26
723,belinda chamberlain,76762441-7,hombre,22
724,jax hester,54676049-9,hombre,24
725,glenn curry,67216197-5,mujer,27
726,shahzaib lester,84621982-k,mujer,22
727,tayyib davila,47121914-2,mujer,47
728,karol knights,23047484-2,mujer,26
729,layton hodge,73026642-1,mujer,20
730,francis kerr,34414978-k,hombre,40
731,nico lim,87282538-k,hombre,26
732,akeem odonnell,21016824-9,hombre,20
733,gino alston,63196577-6,hombre,21
734,aalia ball,59051717-8,mujer,25
735,danyal steele,59749734-2,mujer,49
736,hettie samuels,37204390-3,hombre,30
737,cari welch,48592540-6,mujer,22
738,howard boone,79543386-4,hombre,28
739,roosevelt charlton,70433997-6,mujer,33
740,spencer tran,48553208-0,mujer,24
741,pola finney,10339840-1,mujer,23
742,annaliese mckinney,69767927-8,hombre,39
743,princess guest,73454838-3,mujer,56
744,sonnie pugh,34039148-9,mujer,35
745,lola-mae whittaker,93591226-1,hombre,27
746,kirandeep riggs,73842540-5,mujer,25
747,asmaa allman,58648727-2,hombre,44
748,kenzo beech,95656123-k,mujer,28
749,zac mcgill,88107942-9,mujer,30
750,jorgie rowland,81428035-7,mujer,44
751,harvie bonilla,46805723-9,mujer,35
752,samir daugherty,96371883-7,mujer,33
753,asha guthrie,92390198-1,hombre,37
754,hamaad barajas,17611254-9,hombre,50
755,mandeep vazquez,56197957-k,hombre,20
756,harvey-lee burch,78301240-5,mujer,24
757,kamran santos,90730270-9,hombre,28
758,junior bryant,25919808-9,mujer,27
759,stefan allen,92060023-9,mujer,19
760,haidar moreno,91346186-k,hombre,24
761,shayaan watkins,56405384-8,hombre,28
762,abid cross,97596735-2,hombre,20
763,khadija dalby,32153494-5,mujer,19
764,billie kaur,54546935-9,mujer,38
765,mimi harris,48269008-4,hombre,49
766,kierran stanton,50942616-3,hombre,27
767,isabell goodwin,84327091-3,hombre,40
768,tiffany cantu,66714421-3,hombre,26
769,skye gray,48007583-8,mujer,49
770,lemar cullen,14585428-8,hombre,28
771,maariya enriquez,25450277-4,hombre,30
772,ayana portillo,60456055-1,mujer,24
773,humayra palacios,90494178-6,hombre,38
774,mea dorsey,95199785-4,hombre,37
775,ammaar carty,13947632-8,hombre,48
776,dainton pratt,29004298-4,mujer,22
777,waleed aguirre,63968995-6,hombre,30
778,dev adamson,75269880-5,mujer,28
779,karis downes,42494071-2,mujer,19
780,annabelle mullins,11123767-0,hombre,25
781,faheem bains,16697747-9,hombre,42
782,kaeden knapp,37285914-8,mujer,53
783,jobe reyes,79725852-0,hombre,20
784,ilayda whitehouse,11118739-8,mujer,29
785,nasir jenkins,45273848-1,hombre,27
786,jonny newton,33461512-k,mujer,50
787,sabrina gillespie,27626683-7,hombre,25
788,frances corrigan,12920124-k,mujer,25
789,yunus galloway,15955355-8,mujer,20
790,robyn hyde,14495790-3,hombre,29
791,rebecca sheehan,49552236-9,hombre,23
792,sakina stewart,40161573-3,hombre,23
793,india camacho,12969098-4,mujer,32
794,ella-mai butt,41775238-2,mujer,36
795,maia glover,52792841-9,mujer,22
796,aryan hastings,82533150-6,hombre,25
797,hashir hendricks,38100857-6,mujer,29
798,yash wallace,69691126-6,mujer,19
799,harlow woods,99302343-4,hombre,24
800,ariadne hibbert,35155157-7,mujer,23
801,miller fletcher,35340502-0,hombre,34
802,kymani rahman,95711978-6,hombre,29
803,gaia pearson,23686910-5,mujer,28
804,ruth steadman,93129166-1,mujer,28
805,asiya short,98357275-8,hombre,22
806,amba crane,77484278-0,mujer,36
807,isaac fleming,52258791-5,mujer,20
808,haider hines,24927693-6,hombre,19
809,luca foley,71316667-7,mujer,35
810,ariyan patel,37780063-k,hombre,21
811,luqman marks,15795964-6,mujer,28
812,evan haas,24655915-5,hombre,40
813,aiden arnold,36304600-2,hombre,37
814,billy-joe ward,12177977-3,hombre,20
815,nathaniel rivas,79974368-k,mujer,22
816,harry hood,42868972-0,mujer,26
817,brandy ponce,25696685-9,mujer,41
818,siyana ballard,95423202-6,hombre,23
819,musa myers,18984900-1,hombre,27
820,ace stephenson,57181678-4,mujer,25
821,ashlyn finch,97163657-2,mujer,31
822,mikayla hume,42714709-6,mujer,30
823,nevaeh gill,88667817-7,mujer,30
824,rahul finley,50814284-6,hombre,36
