id,nombre,rut,edad,sexo
0,oliver huff,18167947-6,47,mujer
1,jobe campos,72810804-5,54,mujer
2,taylan wilks,44253237-0,23,hombre
3,rhea gale,45026478-4,55,mujer
4,eshaal searle,75576764-6,47,mujer
5,nazia quintero,64879120-8,18,mujer
6,joshua vo,69373271-9,23,hombre
7,chay sutherland,10517073-4,22,mujer
8,riaan mays,98708700-5,48,mujer
9,harvie forbes,58945079-5,23,hombre
10,safia potts,75270010-9,22,mujer
11,sidrah mclellan,98683815-5,23,hombre
12,josh small,72939187-5,57,mujer
13,nikkita dodson,20297901-7,33,mujer
14,rikki hewitt,77209293-8,55,mujer
15,jameson valdez,18665525-7,23,hombre
16,kornelia drummond,50062649-6,46,hombre
17,mina hebert,85973291-7,54,mujer
18,sami suarez,51153844-0,59,hombre
19,rex mckenzie,54076655-k,30,hombre
20,asha mckee,94821886-0,38,mujer
21,fleur sheppard,36552322-3,50,mujer
22,orla mcclure,32366948-1,54,mujer
23,lianne mccoy,77477421-1,21,mujer
24,logan kramer,13572944-2,58,mujer
25,aamina bean,79725605-6,60,hombre
26,zaynah kennedy,66183219-3,29,hombre
27,melvin perez,40675138-4,34,hombre
28,alan bonner,23000993-7,37,hombre
29,madihah haas,88198898-4,41,hombre
30,roman thomas,66199185-2,25,mujer
31,rivka finley,16008678-5,60,hombre
32,dina herman,36625090-5,22,hombre
33,aubree ridley,87813399-4,58,mujer
34,lilianna maxwell,93900888-8,50,hombre
35,sayed edwards,30862862-0,43,hombre
36,patrik rollins,43922451-7,45,hombre
37,romilly becker,95520055-1,24,mujer
38,zayne david,75016224-k,18,mujer
39,charlton bridges,76591179-6,22,hombre
40,ewan chadwick,87081187-k,40,hombre
41,ewen little,36081017-8,49,mujer
42,arjan mcdermott,80291272-2,26,mujer
43,toby mcarthur,37200573-4,18,hombre
44,mahi ross,56535213-k,34,mujer
45,benjamin shaw,77796005-9,34,mujer
46,laylah grey,40350724-5,46,mujer
47,dottie chase,56499633-5,37,hombre
48,bevan pineda,23526948-1,35,hombre
49,abubakar gentry,86664654-6,41,hombre
50,tehya galvan,52916249-9,28,hombre
51,darsh bloom,62785039-5,45,hombre
52,lucille wilkerson,22145359-k,39,mujer
53,tj romero,63951440-4,58,mujer
54,lamar bailey,97004364-0,49,hombre
55,deanna wilder,47666047-5,29,hombre
56,tasha nicholson,88730119-0,58,mujer
57,connor prosser,53211068-8,35,hombre
58,musab ayala,14046488-0,19,hombre
59,khushi mayo,31706054-8,40,mujer
60,ruby-leigh gallagher,23298212-8,22,mujer
61,malcolm plant,57836259-2,20,mujer
62,mahir nunez,97657967-4,46,mujer
63,gerrard quintana,59814228-9,57,mujer
64,abbas emerson,89336201-0,34,hombre
65,anjali rojas,94432090-3,42,mujer
66,dollie rivers,92170041-5,45,mujer
67,inigo castro,64272663-3,32,mujer
68,jeremy dunn,91790173-2,18,mujer
69,kailum parry,45467235-6,21,hombre
70,aleena parra,99075946-4,45,hombre
71,lylah mcguire,96392316-3,57,hombre
72,lester beard,73342699-3,60,hombre
73,antonina guzman,47865441-3,57,hombre
74,hunter solomon,88772168-8,24,hombre
75,jacob beech,87861767-3,19,mujer
76,jana sutton,41361801-0,48,mujer
77,aalia higgs,31092780-5,46,hombre
78,diesel hunt,11750224-4,33,hombre
79,jena field,72070561-3,20,mujer
80,khadija wells,51693674-6,51,mujer
81,haidar frank,92365268-k,50,mujer
82,ariya travis,55776079-2,49,hombre
83,aysha bone,83296811-0,37,mujer
84,poppie vang,23713134-7,54,hombre
85,brittney le,70624789-0,42,hombre
86,nusaybah fitzgerald,79425659-4,44,mujer
87,kaelan greenwood,66258468-1,55,mujer
88,neve carter,35662780-6,23,mujer
89,kodi higgins,40403791-9,30,mujer
90,grover vaughn,79480331-5,36,mujer
91,elsie-may chadwick,86646016-7,42,hombre
92,eren sargent,21666289-k,35,hombre
93,kareena salter,52703981-9,46,hombre
94,giacomo parsons,83603309-4,34,hombre
95,maci barrett,47326835-3,22,mujer
96,eryk greene,49337371-4,39,mujer
97,tess marshall,87442136-7,41,mujer
98,emeli handley,48679409-7,56,mujer
99,dora noble,36259502-9,48,mujer
100,tyla mcneil,29646441-4,50,mujer
101,usman lara,33402225-0,18,mujer
102,nadir redman,95855049-9,57,mujer
103,isaak esparza,51755919-9,41,mujer
104,harriett ayers,49993665-6,27,hombre
105,isabel vance,69141385-3,49,hombre
106,joseph broughton,33481996-5,21,hombre
107,antoinette schmidt,68505645-3,32,mujer
108,kacper glenn,47067447-4,42,mujer
109,keenan ryan,58557550-k,31,mujer
110,iqra thorne,27650119-4,51,mujer
111,elina lake,18812547-6,56,mujer
112,balraj davidson,66625711-1,26,hombre
113,xavier stuart,52189199-8,42,hombre
114,eleanor acevedo,28012525-3,30,mujer
115,zainab james,48795285-0,30,hombre
116,corrie hinton,89321752-5,51,hombre
117,diya hansen,35066595-1,51,hombre
118,river branch,42621036-3,40,mujer
119,poppy hartman,66954467-7,50,hombre
120,nimrah skinner,18446690-2,30,hombre
121,jordan-lee norman,65227086-7,50,mujer
122,amiya craft,35661237-k,36,mujer
123,jacob gilmore,67913619-4,39,hombre
124,arnav franklin,83290634-4,30,hombre
125,brayden grey,62014673-0,52,hombre
126,ophelia o'doherty,92311983-3,21,hombre
127,romana woodley,59517619-0,26,hombre
128,eoin sutherland,42655208-6,35,hombre
129,angharad hatfield,65573855-k,55,mujer
130,momina read,62420431-k,37,hombre
131,dean schneider,56064569-4,45,hombre
132,shivani long,94422835-7,33,hombre
133,elowen gillespie,35668656-k,28,hombre
134,ivo patton,95437335-5,24,hombre
135,beulah rodriguez,63532763-4,41,mujer
136,ruby-may bowden,46680387-1,39,mujer
137,kimberley frost,85297873-2,55,hombre
138,leonie schofield,88132030-4,42,mujer
139,josh pittman,39473167-6,25,hombre
140,desiree webber,58154631-9,33,hombre
141,tyriq whitmore,38830395-6,58,hombre
142,ashlee alston,36030482-5,25,mujer
143,ottilie vega,95667888-9,21,hombre
144,tanisha weston,97996738-1,32,hombre
145,sohail huerta,96007294-4,23,mujer
146,kasim curry,52176953-k,35,hombre
147,elaina dillon,59332921-6,56,hombre
148,dotty lees,23298314-0,35,hombre
149,amar gough,31113786-7,32,mujer
150,garrett owen,87991170-2,50,mujer
151,clement johns,87631642-0,42,mujer
152,mehdi whitaker,17509928-k,33,mujer
153,moesha mclean,53089483-5,42,hombre
154,miranda crouch,75523496-6,50,mujer
155,malcolm mair,87734759-1,47,hombre
156,dominika mack,34424260-7,21,hombre
157,phebe paterson,66920820-0,45,hombre
158,issac york,93057304-3,48,mujer
159,akeel peacock,82673938-k,55,mujer
160,ceara santana,14920531-4,57,hombre
161,mateusz sharma,96260856-6,43,hombre
162,violet mccray,86103635-9,34,hombre
163,archie rutledge,94384917-k,52,mujer
164,nabeel barry,47329036-7,29,hombre
165,elliot english,44867899-7,50,mujer
166,awais vasquez,32690774-k,18,hombre
167,aman nixon,10544563-6,48,mujer
168,faraz chapman,28485302-4,60,mujer
169,paulina milner,63214394-k,55,hombre
170,miyah trevino,36044904-1,26,hombre
171,amari field,10206801-7,42,mujer
172,una kramer,34566442-4,57,hombre
173,willie dotson,65238271-1,57,hombre
174,lexi-mai haigh,54230570-3,44,mujer
175,abigail coulson,76871405-3,34,hombre
176,digby glover,38204359-6,52,mujer
177,don sadler,33456182-8,42,mujer
178,sue iles,75806614-2,28,mujer
179,keegan stevens,19844189-9,53,mujer
180,mariyah spooner,70735043-1,41,hombre
181,brianna leigh,64221026-2,44,mujer
182,mysha storey,50453382-4,48,mujer
183,cole nairn,87649058-7,60,hombre
184,malaikah burn,75153238-5,29,mujer
185,theresa robson,12348490-8,21,mujer
186,anastazja mcdaniel,92445451-2,20,mujer
187,traci brookes,49604231-k,35,mujer
188,ashlea alexander,35288330-1,20,mujer
189,dorothy barclay,90870389-8,39,mujer
190,yuvraj doyle,52157315-5,21,mujer
191,margot blevins,35820841-k,28,mujer
192,samuel wilkerson,66361406-1,54,hombre
193,libbie jimenez,20843742-9,24,hombre
194,tonya charles,78059417-9,39,hombre
195,lucy sutherland,98417733-k,25,mujer
196,sylvia melendez,59170372-2,47,hombre
197,ariya mora,25070905-6,18,hombre
198,martha hulme,60370162-3,27,mujer
199,kylo hume,54982068-9,29,hombre
200,huw atherton,66336340-9,46,hombre
201,shawn brock,35685353-9,41,mujer
202,martyn parra,97102977-3,38,mujer
203,franco johnston,58155861-9,18,mujer
204,pharrell franklin,42168093-0,55,mujer
205,adrianna khan,59885368-1,37,mujer
206,celia durham,61554580-5,55,mujer
207,ilyas randall,66646618-7,43,mujer
208,reagan schofield,15298663-7,33,mujer
209,tanvir cortes,62778278-0,20,mujer
210,bayley melia,38287473-0,34,hombre
211,coen pena,11644968-4,25,hombre
212,hilary mair,97781705-6,28,mujer
213,jaeden bravo,80611905-9,42,hombre
214,philip turnbull,97343582-5,30,hombre
215,aditya vance,79693636-3,33,mujer
216,cosmo bush,69140468-4,56,hombre
217,mysha weston,48925896-k,53,mujer
218,nicolas zuniga,20640357-8,50,mujer
219,ibraheem gamble,33016426-3,45,mujer
220,meerab short,56790702-3,50,mujer
221,haydn dillard,45276568-3,52,hombre
222,caprice mejia,20335324-3,54,hombre
223,gilbert vang,42226798-0,57,mujer
224,zidan mcguire,43129309-9,19,hombre
225,finnian larson,26905798-k,43,mujer
226,tamara flynn,91119340-k,35,mujer
227,shana feeney,77625718-4,40,mujer
228,dalton colon,81698647-8,38,mujer
229,thierry shaw,15333675-k,21,mujer
230,bronwyn orozco,61993529-2,43,mujer
231,nikki pearson,22060310-5,27,hombre
232,presley dunkley,77520112-6,31,hombre
233,persephone manning,75346943-5,51,mujer
234,sade keller,62550748-0,60,hombre
235,brenda duncan,77814675-4,35,mujer
236,lori galvan,64370666-0,50,hombre
237,davey gunn,28752611-3,39,mujer
238,rhyley justice,74644456-7,34,mujer
239,mohammad frame,37500745-2,39,hombre
240,nancy blake,56119224-3,20,mujer
241,danica fletcher,59919311-1,59,hombre
242,charlene lambert,11087572-k,19,hombre
243,taliyah cope,12033288-0,43,hombre
244,nasir willis,49891081-5,53,mujer
245,akeel espinosa,55705480-4,32,hombre
246,leoni smyth,98642893-3,39,mujer
247,emmanuella prosser,49255740-4,45,hombre
248,thiago busby,63360085-6,33,hombre
249,jadine gould,26257768-6,26,mujer
250,hiba hough,17474518-8,33,hombre
251,liam ferreira,65884381-8,19,mujer
252,laurie kelley,47287276-1,48,mujer
253,neil miller,33078552-7,19,mujer
254,dante buckner,48776848-0,52,mujer
255,kade garrett,16222268-6,41,mujer
256,cataleya beard,95226644-6,22,hombre
257,ivie stark,17723136-3,30,mujer
258,derry garcia,83584289-4,55,mujer
259,luciano sheldon,92554015-3,55,mujer
260,walter dickinson,48345899-1,18,mujer
261,danyl henry,49036882-5,42,hombre
262,elliott robbins,96964691-9,41,mujer
263,saima ferry,16775393-0,56,mujer
264,nicolle marshall,51242629-8,35,hombre
265,kiri fitzpatrick,88806288-2,54,mujer
266,terence goff,57289805-9,47,mujer
267,sahil davison,49860637-7,44,hombre
268,loretta mcconnell,27844046-k,18,hombre
269,jules wainwright,45504619-k,40,hombre
270,jad woodcock,73453102-2,44,mujer
271,tyreece carter,84569598-9,40,hombre
272,aydin berger,94688326-3,56,hombre
273,elisha mitchell,84078768-0,39,mujer
274,manraj pope,91223172-0,56,mujer
275,otto guest,51317447-0,55,hombre
276,rafi joyce,78463527-9,35,hombre
277,eren eastwood,46025545-7,28,mujer
278,trent delacruz,40424433-7,34,mujer
279,princess sharp,68428477-0,35,hombre
280,leja reeves,28630079-0,46,mujer
281,santiago robles,63824003-3,57,hombre
282,shaunie naylor,58307021-4,49,mujer
283,isaac halliday,77983700-9,26,hombre
284,humaira yoder,57189229-4,35,mujer
285,shivam frey,41581842-4,56,mujer
286,courtnie duffy,55106753-k,35,mujer
287,sneha joseph,19735595-6,58,hombre
288,ella-louise tillman,45024924-6,53,hombre
289,antonio chan,63884576-8,39,mujer
290,aariz berry,61262323-6,48,hombre
291,spike kim,24129722-5,40,hombre
292,aizah castro,39567466-8,44,hombre
293,dolcie handley,94888169-1,46,hombre
294,gracie-mae gilbert,31642814-2,43,mujer
295,elysia huerta,79195789-3,28,mujer
296,akash riley,56292778-6,36,hombre
297,jem bailey,33670116-3,47,mujer
298,jane fernandez,48040287-1,28,hombre
299,georgina sargent,14761964-2,46,mujer
300,willie greig,27712443-2,23,hombre
301,alina payne,51853396-7,41,mujer
302,tatiana williams,23711490-6,49,mujer
303,tevin rosas,53523140-0,39,mujer
304,naseem schmitt,49974632-6,40,mujer
305,ed sierra,95598580-k,33,mujer
306,kabir melendez,49798131-k,34,hombre
307,jakub huang,71591727-0,50,mujer
308,nelly butler,30760014-5,26,hombre
309,hope serrano,33904341-8,26,mujer
310,carson edmonds,78331019-8,52,hombre
311,jimmy pratt,64903395-1,43,hombre
312,zayan solomon,45125749-8,41,mujer
313,fredrick esparza,81498697-7,51,hombre
314,dominik butt,78599189-3,53,mujer
315,usman church,85682952-9,59,hombre
316,zach hinton,47738259-2,59,mujer
317,lea atkins,48425773-6,51,mujer
318,amos santiago,82645956-5,60,hombre
319,rickie maguire,55956975-5,50,mujer
320,liliana leal,99875339-2,18,mujer
321,nicole holland,29858450-6,32,mujer
322,skyla dorsey,74759859-2,42,hombre
323,huma phelps,46012714-9,55,mujer
324,richie petty,43630930-9,28,hombre
325,rabia pugh,56425505-k,57,hombre
326,owen drummond,16239796-6,56,mujer
327,keane hoover,10165029-4,54,hombre
328,jordon hester,82809947-7,44,hombre
329,samera macleod,37492390-0,44,hombre
330,margaux battle,87544765-3,46,mujer
331,huey leonard,97901764-2,32,mujer
332,nabil ruiz,99294258-4,50,hombre
333,imani decker,48060937-9,35,hombre
334,waqas buchanan,85411178-7,29,mujer
335,zayaan morrison,10959343-5,22,hombre
336,kianna flowers,74630833-7,52,mujer
337,milosz wicks,20909860-1,44,hombre
338,harri burrows,23748548-3,24,hombre
339,david hubbard,25572424-k,30,mujer
340,saanvi bernard,75653640-0,38,mujer
341,anabel montgomery,49359132-0,23,mujer
342,janet delarosa,50270274-2,60,hombre
343,jerry delaney,46080300-4,28,hombre
344,fenella galvan,99265623-9,25,mujer
345,taine calvert,75039658-5,60,hombre
346,thea whiteley,79735673-5,49,hombre
347,vikki bradshaw,34864642-7,47,mujer
348,cruz winter,38563658-k,40,mujer
349,mollie fraser,13463271-2,35,hombre
350,saif bostock,50109588-5,39,mujer
351,maciej romero,44126502-6,25,mujer
352,hilda brett,73352137-6,48,hombre
353,hussein hobbs,70156418-9,27,hombre
354,michele corbett,96557795-5,23,hombre
355,grady esquivel,76413818-k,50,mujer
356,ariella werner,66119831-1,28,hombre
357,vinny vazquez,81600879-4,21,hombre
358,eamon conway,69698793-9,53,hombre
359,emme marriott,91888069-0,58,hombre
360,jae ali,73075290-3,23,mujer
361,sade slater,95932617-7,48,mujer
362,kerys joseph,69402733-4,20,hombre
363,gia elliott,67391164-1,46,hombre
364,kenny gaines,81492646-k,23,hombre
