pid,nombre,sexo,edad,tipo_licencia
91,Keith Mccall,mujer,40,auto
122,Darragh Foreman,mujer,21,auto
616,Alaw Ferrell,hombre,37,moto
84,Mary Manning,mujer,30,no es necesaria
768,Tiffany Cantu,hombre,26,auto
350,Oran Valdez,hombre,31,moto
21,Darcie-Mae Hutton,hombre,37,auto
414,Omari Fuller,hombre,27,auto
555,Deen Smyth,hombre,21,no es necesaria
813,Aiden Arnold,hombre,37,moto
467,Cally Hopper,mujer,30,moto
309,Harriette Hubbard,mujer,24,no es necesaria
644,Serenity Rossi,mujer,23,vehiculo de carga
689,Keagan Hope,hombre,33,auto
34,Cem Buckley,hombre,30,auto
552,Genevieve Booth,mujer,19,no es necesaria
383,Nichole Savage,hombre,26,no es necesaria
327,Darsh Macias,mujer,20,vehiculo de carga
577,Ariyah Mckeown,hombre,28,no es necesaria
167,Edward Truong,mujer,27,no es necesaria
479,Carter Plummer,hombre,25,auto
376,Rianne Coleman,mujer,36,auto
728,Karol Knights,mujer,26,no es necesaria
321,Izabella Bate,mujer,19,auto
753,Asha Guthrie,hombre,37,moto
441,Fahad Travers,hombre,24,moto
652,Lori Forrest,hombre,29,auto
289,Lois Charlton,mujer,29,moto
758,Junior Bryant,mujer,27,auto
540,Massimo Needham,hombre,26,no es necesaria
432,Elle Lindsay,hombre,38,auto
823,Nevaeh Gill,mujer,30,vehiculo de carga
444,Joseff Peters,hombre,20,vehiculo de carga
99,Nathanael Carlson,hombre,24,auto
525,Muneeb Huff,mujer,34,auto
232,Alyce Kirkpatrick,mujer,33,auto
183,Reyansh Mccormick,mujer,29,no es necesaria
1,Summer Clements,hombre,29,moto
758,Junior Bryant,mujer,27,moto
103,Petra Sharp,hombre,24,vehiculo de carga
345,Enid Flower,hombre,31,auto
670,Tasmin Crossley,hombre,22,moto
521,Jaheim William,hombre,32,moto
813,Aiden Arnold,hombre,37,moto
44,Alys Schwartz,mujer,36,auto
658,Hayden Turnbull,hombre,30,moto
403,Cyrus Fountain,mujer,21,no es necesaria
785,Nasir Jenkins,hombre,27,auto
318,Martina Betts,mujer,30,auto
273,Dania Love,hombre,27,no es necesaria
93,Tiffany May,mujer,21,vehiculo de carga
625,Darryl Carlson,hombre,27,auto
536,Dionne Dowling,hombre,20,moto
127,Sian Montgomery,mujer,26,no es necesaria
168,Christie Zavala,mujer,29,moto
39,Caitlyn Mckenzie,mujer,39,vehiculo de carga
599,Kayleigh Finley,hombre,34,auto
635,Shane Best,hombre,36,moto
269,Kaylan Huff,hombre,29,vehiculo de carga
384,Ellie-Mai Hutton,mujer,26,no es necesaria
168,Christie Zavala,mujer,29,auto
93,Tiffany May,mujer,21,no es necesaria
535,Susie Crane,mujer,26,moto
285,Abubakr Benjamin,hombre,21,vehiculo de carga
763,Khadija Dalby,mujer,19,moto
486,Isabell Hogan,hombre,27,auto
385,Arfa Boyer,mujer,20,moto
667,Yasmin Barr,mujer,22,auto
358,Mahnoor Legge,hombre,31,auto
691,Winston Castro,mujer,27,moto
0,Corban Stacey,hombre,31,moto
3,Rochelle Cain,hombre,27,auto
344,Taybah Best,mujer,28,auto
555,Deen Smyth,hombre,21,moto
347,Carrie-Ann Dickson,mujer,22,auto
455,Marnie Macfarlane,mujer,19,auto
172,Arla Hinton,mujer,21,vehiculo de carga
520,Ainsley Read,mujer,28,no es necesaria
382,Nimrah Lowery,mujer,32,auto
11,Toni Morris,hombre,25,auto
507,Kian Branch,hombre,22,no es necesaria
200,Alana Rahman,hombre,22,auto
395,Johnny Perry,mujer,24,no es necesaria
24,Evie-Grace Hayden,hombre,39,auto
467,Cally Hopper,mujer,27,no es necesaria
115,Ivie Perez,hombre,26,auto
503,Izabelle Frey,mujer,27,vehiculo de carga
495,Fatima Traynor,mujer,36,auto
235,Aria Massey,mujer,26,auto
608,Musab Valencia,hombre,30,moto
567,Theodore Wilkes,hombre,38,auto
266,Warwick Webber,mujer,34,vehiculo de carga
353,Aisling Chaney,mujer,25,auto
710,Vincenzo Preece,mujer,39,auto
266,Warwick Webber,mujer,34,auto
15,Imogen Wills,hombre,22,moto
40,Romilly Heath,hombre,26,auto
185,Ihsan Kelley,hombre,23,auto
400,Clarke Mcloughlin,hombre,40,moto
671,Izaak Mathis,hombre,38,auto
259,Amie Fuller,mujer,23,auto
394,Dalia Jefferson,mujer,23,moto
36,Uma Morales,mujer,19,auto
274,Abbi Millington,hombre,19,moto
554,Samuel Sheridan,hombre,24,vehiculo de carga
464,Codie Galloway,hombre,19,moto
184,Shahzaib Bellamy,mujer,31,auto
777,Waleed Aguirre,hombre,30,no es necesaria
616,Alaw Ferrell,hombre,37,auto
357,Zeshan Mcmillan,mujer,20,vehiculo de carga
677,Zack Sanderson,hombre,32,auto
496,Imran Senior,mujer,25,moto
679,Amber-Rose Wardle,hombre,39,auto
100,Campbell Vazquez,hombre,36,auto
227,Freya Gross,hombre,24,moto
281,Zayaan Paterson,mujer,28,auto
340,Aleena Maguire,mujer,32,auto
475,Matias Strickland,hombre,23,moto
323,Heath Cruz,mujer,30,moto
82,Jayden-James Mckay,mujer,25,auto
142,Jamie-Lee Cook,hombre,35,vehiculo de carga
269,Kaylan Huff,hombre,29,auto
664,Milly Rudd,mujer,35,auto
568,Manisha Mcloughlin,mujer,21,auto
382,Nimrah Lowery,mujer,23,no es necesaria
140,Talia Ellwood,mujer,26,auto
393,Melisa Travis,mujer,34,auto
356,Cem Moss,mujer,32,auto
335,Jardel Keith,hombre,25,auto
120,Corrie Kirkpatrick,hombre,29,vehiculo de carga
797,Hashir Hendricks,mujer,29,vehiculo de carga
484,Jesus Small,hombre,20,auto
198,Justine Black,mujer,25,auto
429,Amanah Mckay,hombre,28,no es necesaria
485,Denise Daniel,mujer,19,auto
28,Gabija Norton,hombre,19,auto
96,Lacy Simon,hombre,23,vehiculo de carga
124,Zayne Crane,hombre,29,no es necesaria
517,Lilly-Grace Tucker,hombre,21,auto
61,Kacy Stubbs,hombre,28,no es necesaria
425,Hettie Sweeney,hombre,29,vehiculo de carga
416,Elliott Irwin,hombre,37,moto
524,Tom Palacios,hombre,21,moto
365,Hailie Robertson,mujer,29,no es necesaria
3,Rochelle Cain,hombre,27,auto
296,Shelby Holder,mujer,23,auto
598,Esme-Rose Wicks,hombre,21,no es necesaria
149,Courtney O'Sullivan,mujer,38,auto
259,Amie Fuller,mujer,23,auto
463,Haleemah Baxter,mujer,25,auto
566,Hester Jeffery,mujer,30,auto
396,Gina Cortes,mujer,32,vehiculo de carga
24,Evie-Grace Hayden,hombre,39,auto
194,Korben Hurley,hombre,21,moto
205,Ilyas Puckett,mujer,28,auto
158,Amanpreet Mata,hombre,39,auto
619,Ruby-May Espinosa,hombre,35,vehiculo de carga
595,Priya Oneil,mujer,30,auto
678,Toby Day,mujer,28,moto
220,Bella-Rose Cox,mujer,25,auto
620,Tj Moran,mujer,24,moto
377,Demi-Leigh Byrd,hombre,33,auto
676,Rita Kouma,hombre,34,auto
298,Josie Ibarra,mujer,26,auto
351,Summer-Louise Strong,hombre,30,moto
435,Anis Cohen,hombre,38,moto
265,Albert Irvine,hombre,22,moto
581,Louie Swan,hombre,27,auto
663,Ellise Bautista,hombre,22,auto
366,Lily-Rose Wharton,mujer,29,no es necesaria
814,Billy-Joe Ward,hombre,20,moto
452,Kaeden Frazier,hombre,39,auto
362,Nakita Kelly,mujer,36,auto
676,Rita Kouma,hombre,34,auto
274,Abbi Millington,hombre,24,no es necesaria
283,Kajal Short,hombre,22,no es necesaria
173,Sophia Ryan,hombre,28,auto
803,Gaia Pearson,mujer,28,moto
102,Subhan Pearce,hombre,22,vehiculo de carga
442,Samiya Hardin,mujer,30,no es necesaria
474,Suzanna Romero,hombre,22,no es necesaria
516,Sallie Wolf,mujer,23,no es necesaria
612,Diego Castillo,hombre,34,moto
2,Sia Begum,mujer,27,moto
286,Zackery Sheridan,mujer,29,auto
697,Ferne Fritz,mujer,19,no es necesaria
643,Kaleem Hill,hombre,24,auto
284,Trystan Wall,mujer,35,auto
89,Grace O'Moore,mujer,39,auto
126,Adnaan Rowley,hombre,26,auto
353,Aisling Chaney,mujer,25,auto
86,Nataniel Miller,mujer,22,auto
362,Nakita Kelly,mujer,36,auto
410,Clodagh Greenaway,mujer,26,auto
145,Ignacy Leblanc,hombre,34,moto
674,Freddy Simons,hombre,33,auto
385,Arfa Boyer,mujer,20,auto
709,Ameera Edwards,mujer,28,auto
773,Humayra Palacios,hombre,38,auto
712,Raheel Bonilla,mujer,19,no es necesaria
706,Emile Lopez,hombre,20,no es necesaria
178,Scarlet Banks,mujer,28,no es necesaria
109,Geoffrey Ellis,hombre,20,auto
238,Arslan Horton,hombre,39,auto
210,Cleo Aguilar,hombre,20,auto
744,Sonnie Pugh,mujer,35,auto
365,Hailie Robertson,mujer,37,vehiculo de carga
380,Gavin Jeffery,mujer,23,auto
639,Caitlan Whitehouse,mujer,34,auto
790,Robyn Hyde,hombre,29,no es necesaria
705,Brendon Denton,mujer,20,moto
59,Macauley Davison,mujer,32,auto
725,Glenn Curry,mujer,27,auto
486,Isabell Hogan,hombre,27,auto
299,Effie Washington,hombre,22,moto
128,Arham Johnson,hombre,26,no es necesaria
141,Nicky O'Brien,mujer,20,auto
505,Ruby-Leigh Stevenson,hombre,19,moto
566,Hester Jeffery,mujer,28,no es necesaria
409,Mack Wallis,mujer,28,no es necesaria
189,Oliver Fitzpatrick,hombre,25,moto
663,Ellise Bautista,hombre,22,no es necesaria
154,Cadi Stokes,hombre,29,vehiculo de carga
779,Karis Downes,mujer,19,auto
693,Jonah Murphy,hombre,22,no es necesaria
566,Hester Jeffery,mujer,28,auto
196,Rafael Cisneros,hombre,34,auto
818,Siyana Ballard,hombre,23,auto
131,John-James Burton,hombre,22,auto
315,Finnley Orr,hombre,20,no es necesaria
403,Cyrus Fountain,mujer,40,auto
407,Sherri Kearns,mujer,22,moto
53,Eoin Sosa,hombre,29,auto
745,Lola-Mae Whittaker,hombre,27,auto
475,Matias Strickland,hombre,23,auto
435,Anis Cohen,hombre,38,auto
631,Johanna Whelan,mujer,36,auto
329,Zubair Benjamin,mujer,29,auto
629,Janine Keller,hombre,21,auto
634,Cora Camacho,mujer,23,vehiculo de carga
36,Uma Morales,mujer,27,no es necesaria
643,Kaleem Hill,hombre,24,auto
422,Elizabeth Hopper,hombre,38,auto
421,Carley Dixon,mujer,23,no es necesaria
173,Sophia Ryan,hombre,30,no es necesaria
705,Brendon Denton,mujer,20,vehiculo de carga
26,Ottilie Campos,mujer,28,no es necesaria
329,Zubair Benjamin,mujer,29,vehiculo de carga
302,Rayan Mccray,hombre,24,auto
148,Rhianna Gilliam,hombre,24,no es necesaria
246,Cora Becker,mujer,27,no es necesaria
365,Hailie Robertson,mujer,37,auto
390,Collette Munro,mujer,19,auto
179,Suhayb Frame,mujer,27,vehiculo de carga
327,Darsh Macias,mujer,20,no es necesaria
487,Ivan Allison,hombre,23,auto
606,Arthur Lara,mujer,28,auto
219,Taine Ireland,mujer,34,moto
514,Camron Chaney,hombre,39,moto
514,Camron Chaney,hombre,39,vehiculo de carga
763,Khadija Dalby,mujer,28,auto
361,Kasim Brooks,mujer,25,vehiculo de carga
400,Clarke Mcloughlin,hombre,40,auto
710,Vincenzo Preece,mujer,39,auto
592,Latoya Powers,hombre,29,auto
479,Carter Plummer,hombre,25,no es necesaria
156,Jasper Hicks,mujer,19,no es necesaria
25,Katie Yoder,hombre,34,auto
347,Carrie-Ann Dickson,mujer,22,no es necesaria
598,Esme-Rose Wicks,hombre,19,no es necesaria
536,Dionne Dowling,hombre,20,moto
579,Solomon Morton,hombre,27,auto
415,Lewis Mcleod,hombre,28,vehiculo de carga
460,Olivia-Mae Hicks,hombre,20,auto
371,Mila-Rose Ramsey,mujer,27,auto
484,Jesus Small,hombre,22,no es necesaria
794,Ella-Mai Butt,mujer,36,auto
617,Minahil Kaye,hombre,24,no es necesaria
694,Frances Hartman,mujer,27,no es necesaria
722,Hadley Acosta,mujer,26,no es necesaria
669,Dawson Rayner,mujer,39,auto
632,Dominik Wynn,mujer,38,auto
287,Izaan Byrd,mujer,30,auto
283,Kajal Short,hombre,20,auto
805,Asiya Short,hombre,22,moto
199,Adam Grant,mujer,29,auto
38,Eleasha Craig,hombre,24,moto
815,Nathaniel Rivas,mujer,22,auto
15,Imogen Wills,hombre,22,no es necesaria
655,Xander Simmonds,hombre,26,no es necesaria
435,Anis Cohen,hombre,38,auto
618,Quentin Jacobs,hombre,22,moto
695,Reece Price,hombre,21,auto
531,Carter Bradshaw,hombre,35,auto
177,Abbas Gonzales,hombre,39,auto
777,Waleed Aguirre,hombre,30,auto
665,Irfan Britton,hombre,20,no es necesaria
692,Pierce Mora,mujer,26,moto
415,Lewis Mcleod,hombre,28,no es necesaria
551,Junayd Andersen,hombre,36,auto
23,Nyah Croft,mujer,26,auto
552,Genevieve Booth,mujer,19,auto
478,Lucien Watkins,mujer,21,moto
758,Junior Bryant,mujer,27,auto
813,Aiden Arnold,hombre,37,auto
58,Harriett Castillo,mujer,24,vehiculo de carga
248,Scarlett Cassidy,hombre,26,auto
646,Sylvia Faulkner,mujer,21,vehiculo de carga
391,Bryce Watt,mujer,25,auto
382,Nimrah Lowery,mujer,32,auto
695,Reece Price,hombre,21,vehiculo de carga
14,Dulcie Kearns,hombre,29,no es necesaria
591,Mayson Nicholson,hombre,23,auto
302,Rayan Mccray,hombre,21,no es necesaria
58,Harriett Castillo,mujer,24,moto
29,Alexandra Naylor,mujer,39,vehiculo de carga
251,Mehak Dawson,mujer,23,auto
314,Bryony Henry,hombre,27,auto
711,Hudson Emerson,mujer,38,auto
415,Lewis Mcleod,hombre,27,moto
276,Cooper Draper,hombre,27,vehiculo de carga
577,Ariyah Mckeown,hombre,21,no es necesaria
812,Evan Haas,hombre,40,auto
617,Minahil Kaye,hombre,24,auto
773,Humayra Palacios,hombre,38,auto
601,Aimie Sears,hombre,29,no es necesaria
210,Cleo Aguilar,hombre,20,moto
126,Adnaan Rowley,hombre,26,no es necesaria
488,Melissa Ashley,hombre,30,moto
791,Rebecca Sheehan,hombre,23,no es necesaria
160,Siyana Krueger,hombre,19,auto
220,Bella-Rose Cox,mujer,25,auto
21,Darcie-Mae Hutton,hombre,37,auto
15,Imogen Wills,hombre,22,auto
509,Rodney Woodcock,hombre,31,moto
285,Abubakr Benjamin,hombre,21,auto
553,Bridie Currie,mujer,35,moto
109,Geoffrey Ellis,hombre,20,moto
389,Samad Neville,mujer,19,moto
562,Amelia-Mae Malone,hombre,30,auto
460,Olivia-Mae Hicks,hombre,20,no es necesaria
26,Ottilie Campos,mujer,28,auto
71,Oliwia Livingston,mujer,27,auto
630,Emelia Roche,hombre,34,auto
368,Alister Hartman,mujer,30,no es necesaria
503,Izabelle Frey,mujer,27,auto
460,Olivia-Mae Hicks,hombre,32,moto
683,Piotr Glenn,mujer,31,auto
240,Caius Ball,mujer,22,auto
642,Louie Harwood,mujer,19,auto
671,Izaak Mathis,hombre,38,auto
174,Subhaan Corbett,hombre,37,auto
725,Glenn Curry,mujer,27,no es necesaria
633,Isobel Dudley,hombre,22,moto
576,Alfie-Lee Pruitt,mujer,24,vehiculo de carga
534,Fynley Glenn,mujer,25,auto
720,Ricardo Devine,mujer,21,no es necesaria
221,Lillia Hartman,mujer,26,auto
332,Callan Lowe,mujer,26,vehiculo de carga
502,Alfie-James Moyer,hombre,36,auto
397,Margo Stuart,mujer,26,vehiculo de carga
357,Zeshan Mcmillan,mujer,25,no es necesaria
277,Avani Phan,mujer,39,auto
728,Karol Knights,mujer,28,auto
403,Cyrus Fountain,mujer,40,auto
402,Bea Mcnally,mujer,26,auto
804,Ruth Steadman,mujer,28,no es necesaria
205,Ilyas Puckett,mujer,28,moto
1,Summer Clements,hombre,29,auto
463,Haleemah Baxter,mujer,25,auto
3,Rochelle Cain,hombre,27,auto
43,Adela Cordova,hombre,21,vehiculo de carga
167,Edward Truong,mujer,21,vehiculo de carga
125,Lilli Leech,mujer,31,vehiculo de carga
75,Braiden Hoover,hombre,29,no es necesaria
704,Saffron Sawyer,hombre,24,no es necesaria
86,Nataniel Miller,mujer,22,moto
667,Yasmin Barr,mujer,22,auto
723,Belinda Chamberlain,hombre,22,no es necesaria
603,Claudia Avery,hombre,36,moto
790,Robyn Hyde,hombre,26,auto
58,Harriett Castillo,mujer,25,no es necesaria
733,Gino Alston,hombre,21,no es necesaria
706,Emile Lopez,hombre,23,moto
470,Guto Benitez,mujer,21,moto
192,Javan Wiley,hombre,21,auto
332,Callan Lowe,mujer,26,auto
262,Dante Nava,mujer,27,auto
430,Alanis Clark,mujer,26,moto
818,Siyana Ballard,hombre,23,moto
213,Sonya Smart,mujer,27,no es necesaria
760,Haidar Moreno,hombre,24,moto
576,Alfie-Lee Pruitt,mujer,24,no es necesaria
254,Kelly Keenan,hombre,32,auto
318,Martina Betts,mujer,30,auto
274,Abbi Millington,hombre,27,no es necesaria
470,Guto Benitez,mujer,21,auto
436,Beauden Gilmour,hombre,40,auto
414,Omari Fuller,hombre,27,no es necesaria
452,Kaeden Frazier,hombre,39,auto
445,Maisey Alexander,hombre,19,vehiculo de carga
458,Hasan Harrison,hombre,40,vehiculo de carga
539,Patryk Enriquez,hombre,19,no es necesaria
761,Shayaan Watkins,hombre,28,auto
762,Abid Cross,hombre,20,no es necesaria
316,Cayson Branch,mujer,26,auto
233,Brandi Conroy,mujer,19,auto
51,Samirah O'Brien,mujer,38,auto
236,Maxime Haigh,mujer,20,auto
23,Nyah Croft,mujer,28,no es necesaria
379,Indigo Liu,mujer,20,moto
633,Isobel Dudley,hombre,22,vehiculo de carga
818,Siyana Ballard,hombre,23,moto
328,Alexandra Barrera,hombre,22,auto
557,Kacie Stevens,hombre,28,auto
245,Andrew Santos,hombre,19,auto
792,Sakina Stewart,hombre,23,moto
127,Sian Montgomery,mujer,38,vehiculo de carga
726,Shahzaib Lester,mujer,22,auto
95,Kelise Fraser,mujer,19,moto
762,Abid Cross,hombre,22,vehiculo de carga
287,Izaan Byrd,mujer,30,auto
288,Billie Durham,hombre,29,no es necesaria
216,Danyl Boyer,mujer,29,moto
329,Zubair Benjamin,mujer,29,no es necesaria
264,Roan Stubbs,mujer,34,auto
556,Petra Rigby,hombre,36,vehiculo de carga
142,Jamie-Lee Cook,hombre,35,auto
738,Howard Boone,hombre,28,auto
367,Presley Mcgowan,hombre,28,moto
250,David Beach,mujer,28,moto
574,Ivy-Rose Mcclure,mujer,25,auto
733,Gino Alston,hombre,37,auto
722,Hadley Acosta,mujer,24,auto
687,Atticus Hussain,mujer,26,auto
228,Elspeth Rice,mujer,36,auto
316,Cayson Branch,mujer,26,auto
778,Dev Adamson,mujer,28,auto
463,Haleemah Baxter,mujer,21,no es necesaria
425,Hettie Sweeney,hombre,29,auto
664,Milly Rudd,mujer,35,moto
213,Sonya Smart,mujer,27,moto
151,Lola-Mae Kay,hombre,23,no es necesaria
144,Millie-Rose Frost,hombre,21,auto
702,Ajwa Daly,mujer,20,vehiculo de carga
379,Indigo Liu,mujer,20,no es necesaria
65,Quinn Munro,mujer,29,auto
680,Kwabena Stone,mujer,19,auto
711,Hudson Emerson,mujer,38,auto
536,Dionne Dowling,hombre,23,no es necesaria
402,Bea Mcnally,mujer,26,auto
410,Clodagh Greenaway,mujer,26,vehiculo de carga
526,Ziva Langley,hombre,39,moto
351,Summer-Louise Strong,hombre,30,auto
371,Mila-Rose Ramsey,mujer,27,auto
247,Allana Jarvis,hombre,37,moto
372,Julien Sloan,mujer,20,auto
377,Demi-Leigh Byrd,hombre,33,auto
702,Ajwa Daly,mujer,20,moto
773,Humayra Palacios,hombre,38,auto
702,Ajwa Daly,mujer,20,moto
425,Hettie Sweeney,hombre,29,moto
116,Riccardo Hamilton,mujer,19,no es necesaria
759,Stefan Allen,mujer,19,auto
230,Bernard Wells,hombre,30,auto
137,Judith Stott,mujer,22,no es necesaria
720,Ricardo Devine,mujer,25,auto
661,Becky Strickland,hombre,30,auto
799,Harlow Woods,hombre,24,auto
512,Miruna Friedman,hombre,20,auto
798,Yash Wallace,mujer,19,vehiculo de carga
75,Braiden Hoover,hombre,28,moto
708,Macsen Major,hombre,38,moto
73,Alexandria Garrison,hombre,30,moto
160,Siyana Krueger,hombre,19,auto
151,Lola-Mae Kay,hombre,34,auto
288,Billie Durham,hombre,24,no es necesaria
300,Humairaa Knights,mujer,29,auto
385,Arfa Boyer,mujer,20,vehiculo de carga
165,Abubakar Bowler,mujer,27,vehiculo de carga
515,Iram Carroll,hombre,40,auto
783,Jobe Reyes,hombre,20,moto
362,Nakita Kelly,mujer,36,auto
608,Musab Valencia,hombre,30,auto
378,Eleanor Charlton,hombre,27,auto
745,Lola-Mae Whittaker,hombre,27,no es necesaria
61,Kacy Stubbs,hombre,28,auto
690,Tudor Proctor,mujer,21,no es necesaria
718,Kit Adams,mujer,26,no es necesaria
737,Cari Welch,mujer,22,auto
200,Alana Rahman,hombre,22,moto
611,Marlene Hawes,hombre,40,vehiculo de carga
459,Taiba Richmond,mujer,23,auto
446,Lucy Dunlap,hombre,36,auto
694,Frances Hartman,mujer,39,moto
25,Katie Yoder,hombre,34,auto
222,Ellenor Lara,mujer,35,auto
631,Johanna Whelan,mujer,36,auto
245,Andrew Santos,hombre,24,no es necesaria
600,Clayton Mckenna,mujer,34,moto
396,Gina Cortes,mujer,32,moto
682,Carolina Gomez,hombre,31,vehiculo de carga
416,Elliott Irwin,hombre,21,auto
564,Sneha Hagan,mujer,19,auto
474,Suzanna Romero,hombre,22,auto
394,Dalia Jefferson,mujer,23,auto
259,Amie Fuller,mujer,23,auto
628,Jaiden Sampson,mujer,28,vehiculo de carga
689,Keagan Hope,hombre,33,auto
100,Campbell Vazquez,hombre,36,auto
601,Aimie Sears,hombre,32,auto
104,Olivia-Mae Carey,mujer,24,auto
397,Margo Stuart,mujer,26,no es necesaria
687,Atticus Hussain,mujer,26,no es necesaria
131,John-James Burton,hombre,22,no es necesaria
606,Arthur Lara,mujer,28,moto
631,Johanna Whelan,mujer,36,auto
388,Sylvia Mcfarland,hombre,27,no es necesaria
785,Nasir Jenkins,hombre,28,no es necesaria
34,Cem Buckley,hombre,30,moto
436,Beauden Gilmour,hombre,40,auto
410,Clodagh Greenaway,mujer,26,auto
448,Layton Sparks,mujer,22,vehiculo de carga
620,Tj Moran,mujer,24,auto
720,Ricardo Devine,mujer,25,moto
474,Suzanna Romero,hombre,30,no es necesaria
331,Cerys Clarkson,hombre,34,auto
335,Jardel Keith,hombre,25,no es necesaria
160,Siyana Krueger,hombre,19,auto
816,Harry Hood,mujer,26,auto
548,Rhonda Carney,mujer,36,auto
804,Ruth Steadman,mujer,28,moto
772,Ayana Portillo,mujer,24,vehiculo de carga
507,Kian Branch,hombre,20,auto
512,Miruna Friedman,hombre,20,moto
614,Deanne Villarreal,mujer,40,auto
242,Sulaiman Martin,hombre,40,moto
323,Heath Cruz,mujer,30,moto
133,Adrian Fitzgerald,hombre,27,moto
146,Marcelina Lowery,hombre,30,auto
785,Nasir Jenkins,hombre,27,auto
286,Zackery Sheridan,mujer,29,vehiculo de carga
556,Petra Rigby,hombre,20,no es necesaria
99,Nathanael Carlson,hombre,24,no es necesaria
704,Saffron Sawyer,hombre,24,vehiculo de carga
570,Roseanne Nguyen,mujer,22,auto
395,Johnny Perry,mujer,40,auto
513,Ralphy Phan,hombre,29,auto
505,Ruby-Leigh Stevenson,hombre,19,no es necesaria
519,Connor Weir,hombre,19,no es necesaria
378,Eleanor Charlton,hombre,27,no es necesaria
277,Avani Phan,mujer,39,auto
612,Diego Castillo,hombre,21,no es necesaria
635,Shane Best,hombre,36,moto
520,Ainsley Read,mujer,26,auto
270,Gene Melton,hombre,28,no es necesaria
267,Uzma Burris,mujer,28,no es necesaria
618,Quentin Jacobs,hombre,22,auto
67,Haley Bonilla,hombre,19,moto
515,Iram Carroll,hombre,23,no es necesaria
560,Maiya Tierney,hombre,25,no es necesaria
823,Nevaeh Gill,mujer,30,moto
559,Kaiya Huerta,mujer,31,auto
151,Lola-Mae Kay,hombre,22,auto
621,Karina Morgan,hombre,32,auto
412,Robyn Riddle,mujer,39,auto
230,Bernard Wells,hombre,30,no es necesaria
488,Melissa Ashley,hombre,30,vehiculo de carga
253,Rupert Ahmed,hombre,27,no es necesaria
681,Cheyanne Petersen,mujer,30,no es necesaria
199,Adam Grant,mujer,29,no es necesaria
239,Jobe Hopper,hombre,31,moto
221,Lillia Hartman,mujer,24,no es necesaria
321,Izabella Bate,mujer,19,moto
141,Nicky O'Brien,mujer,20,vehiculo de carga
129,Josh Fry,mujer,23,auto
464,Codie Galloway,hombre,39,moto
609,Thierry Hurley,mujer,39,auto
608,Musab Valencia,hombre,30,moto
731,Nico Lim,hombre,26,moto
546,Cecelia Bender,hombre,25,auto
801,Miller Fletcher,hombre,34,auto
42,Malaki Wiggins,hombre,21,no es necesaria
568,Manisha Mcloughlin,mujer,21,moto
114,Lorraine Maxwell,hombre,20,vehiculo de carga
570,Roseanne Nguyen,mujer,22,auto
376,Rianne Coleman,mujer,22,no es necesaria
133,Adrian Fitzgerald,hombre,27,no es necesaria
4,Ollie Morrow,hombre,27,moto
793,India Camacho,mujer,32,auto
55,Dillon Reeves,mujer,34,auto
269,Kaylan Huff,hombre,29,auto
109,Geoffrey Ellis,hombre,20,auto
33,Ari Tomlinson,hombre,21,no es necesaria
296,Shelby Holder,mujer,29,auto
672,Korban Robbins,mujer,23,no es necesaria
458,Hasan Harrison,hombre,40,auto
756,Harvey-Lee Burch,mujer,24,auto
34,Cem Buckley,hombre,30,moto
93,Tiffany May,mujer,21,vehiculo de carga
653,Geraint Shaw,mujer,37,moto
317,Rhonda Reeve,hombre,26,auto
85,Hermione Ventura,hombre,27,auto
355,Elliot Pacheco,mujer,20,no es necesaria
216,Danyl Boyer,mujer,29,moto
344,Taybah Best,mujer,28,auto
33,Ari Tomlinson,hombre,24,vehiculo de carga
661,Becky Strickland,hombre,27,no es necesaria
104,Olivia-Mae Carey,mujer,24,auto
680,Kwabena Stone,mujer,37,auto
9,Khia Kline,mujer,22,auto
557,Kacie Stevens,hombre,30,no es necesaria
551,Junayd Andersen,hombre,36,auto
683,Piotr Glenn,mujer,31,moto
584,Toby Petty,hombre,35,moto
809,Luca Foley,mujer,35,auto
262,Dante Nava,mujer,20,moto
496,Imran Senior,mujer,25,auto
703,Aleksander Patton,hombre,39,auto
331,Cerys Clarkson,hombre,34,auto
478,Lucien Watkins,mujer,21,no es necesaria
172,Arla Hinton,mujer,21,vehiculo de carga
346,Edmund Whelan,mujer,23,no es necesaria
723,Belinda Chamberlain,hombre,22,auto
268,Tyreke Gilmore,mujer,23,no es necesaria
508,Isla-Mae Calhoun,mujer,27,vehiculo de carga
375,Justine Wood,mujer,31,moto
736,Hettie Samuels,hombre,30,auto
334,Zaine Trujillo,hombre,19,no es necesaria
590,Leanne Weeks,hombre,30,auto
452,Kaeden Frazier,hombre,39,vehiculo de carga
44,Alys Schwartz,mujer,27,no es necesaria
128,Arham Johnson,hombre,20,auto
467,Cally Hopper,mujer,30,auto
619,Ruby-May Espinosa,hombre,35,auto
741,Pola Finney,mujer,23,auto
385,Arfa Boyer,mujer,20,vehiculo de carga
601,Aimie Sears,hombre,32,auto
309,Harriette Hubbard,mujer,32,moto
157,Kara Rivas,hombre,25,no es necesaria
315,Finnley Orr,hombre,21,no es necesaria
603,Claudia Avery,hombre,29,no es necesaria
496,Imran Senior,mujer,25,auto
715,Ramone Guzman,mujer,27,no es necesaria
760,Haidar Moreno,hombre,24,auto
97,Marianna Barry,hombre,21,vehiculo de carga
416,Elliott Irwin,hombre,37,auto
561,Linzi Wong,mujer,29,moto
645,Manisha Stephens,mujer,28,no es necesaria
172,Arla Hinton,mujer,21,no es necesaria
354,Lulu Sexton,hombre,36,moto
304,Kerri Herbert,mujer,20,moto
581,Louie Swan,hombre,27,moto
584,Toby Petty,hombre,35,vehiculo de carga
79,Yisroel O'Neill,mujer,19,no es necesaria
791,Rebecca Sheehan,hombre,29,moto
4,Ollie Morrow,hombre,27,vehiculo de carga
55,Dillon Reeves,mujer,34,auto
487,Ivan Allison,hombre,23,auto
214,Milly Olson,mujer,25,auto
542,Abdur-Rahman O'Reilly,mujer,22,no es necesaria
39,Caitlyn Mckenzie,mujer,25,no es necesaria
324,Isabella-Rose Patrick,hombre,25,no es necesaria
800,Ariadne Hibbert,mujer,23,no es necesaria
181,Carys Conrad,hombre,31,auto
475,Matias Strickland,hombre,23,vehiculo de carga
820,Ace Stephenson,mujer,25,moto
543,Joan Alvarado,hombre,26,vehiculo de carga
91,Keith Mccall,mujer,40,moto
612,Diego Castillo,hombre,34,auto
189,Oliver Fitzpatrick,hombre,25,auto
363,Hughie Storey,hombre,25,auto
243,Thalia Scott,mujer,27,auto
582,Freddie Byrne,mujer,25,auto
0,Corban Stacey,hombre,31,vehiculo de carga
55,Dillon Reeves,mujer,34,auto
567,Theodore Wilkes,hombre,28,no es necesaria
258,Tanisha Allen,mujer,31,auto
809,Luca Foley,mujer,35,vehiculo de carga
582,Freddie Byrne,mujer,25,moto
149,Courtney O'Sullivan,mujer,38,auto
267,Uzma Burris,mujer,28,auto
227,Freya Gross,hombre,24,auto
577,Ariyah Mckeown,hombre,21,no es necesaria
753,Asha Guthrie,hombre,37,moto
228,Elspeth Rice,mujer,36,auto
199,Adam Grant,mujer,34,auto
818,Siyana Ballard,hombre,23,no es necesaria
222,Ellenor Lara,mujer,35,moto
123,Nel Carson,hombre,39,vehiculo de carga
486,Isabell Hogan,hombre,27,auto
472,Liyah Cooper,hombre,26,auto
760,Haidar Moreno,hombre,24,moto
367,Presley Mcgowan,hombre,28,auto
73,Alexandria Garrison,hombre,30,no es necesaria
103,Petra Sharp,hombre,24,moto
161,Hailie Kirkpatrick,mujer,34,auto
797,Hashir Hendricks,mujer,29,auto
441,Fahad Travers,hombre,24,auto
711,Hudson Emerson,mujer,38,auto
333,Maddox Moon,hombre,35,moto
798,Yash Wallace,mujer,19,vehiculo de carga
495,Fatima Traynor,mujer,36,moto
28,Gabija Norton,hombre,19,auto
228,Elspeth Rice,mujer,23,no es necesaria
397,Margo Stuart,mujer,37,auto
119,Tierney Mackay,hombre,20,auto
505,Ruby-Leigh Stevenson,hombre,38,moto
179,Suhayb Frame,mujer,27,moto
803,Gaia Pearson,mujer,28,auto
123,Nel Carson,hombre,39,auto
642,Louie Harwood,mujer,19,vehiculo de carga
141,Nicky O'Brien,mujer,20,auto
217,Steven Hills,mujer,37,auto
275,Ritchie Rose,hombre,35,moto
306,Trey Evans,hombre,38,auto
222,Ellenor Lara,mujer,35,moto
682,Carolina Gomez,hombre,28,auto
639,Caitlan Whitehouse,mujer,34,auto
399,Bree Cleveland,mujer,30,no es necesaria
680,Kwabena Stone,mujer,19,no es necesaria
465,Lance Weber,mujer,26,no es necesaria
23,Nyah Croft,mujer,26,auto
628,Jaiden Sampson,mujer,28,no es necesaria
8,Alesha Roth,hombre,19,no es necesaria
354,Lulu Sexton,hombre,36,auto
442,Samiya Hardin,mujer,30,vehiculo de carga
804,Ruth Steadman,mujer,28,moto
550,Bella-Rose Rivers,mujer,28,auto
591,Mayson Nicholson,hombre,23,vehiculo de carga
816,Harry Hood,mujer,26,moto
217,Steven Hills,mujer,37,auto
395,Johnny Perry,mujer,40,moto
414,Omari Fuller,hombre,23,no es necesaria
224,Donna Montes,mujer,27,vehiculo de carga
700,Mohamed Mcclain,hombre,19,auto
590,Leanne Weeks,hombre,30,no es necesaria
146,Marcelina Lowery,hombre,30,auto
219,Taine Ireland,mujer,34,auto
530,Ayaan Bass,hombre,23,auto
350,Oran Valdez,hombre,21,no es necesaria
608,Musab Valencia,hombre,30,no es necesaria
358,Mahnoor Legge,hombre,31,auto
154,Cadi Stokes,hombre,20,moto
6,Aadam Dunlop,hombre,33,vehiculo de carga
574,Ivy-Rose Mcclure,mujer,25,moto
228,Elspeth Rice,mujer,36,auto
29,Alexandra Naylor,mujer,19,auto
432,Elle Lindsay,hombre,38,auto
731,Nico Lim,hombre,26,auto
140,Talia Ellwood,mujer,26,no es necesaria
137,Judith Stott,mujer,22,auto
546,Cecelia Bender,hombre,25,auto
508,Isla-Mae Calhoun,mujer,27,vehiculo de carga
701,Lennox Mcculloch,mujer,20,auto
248,Scarlett Cassidy,hombre,26,no es necesaria
554,Samuel Sheridan,hombre,24,auto
51,Samirah O'Brien,mujer,38,auto
282,Alister Hills,hombre,20,auto
43,Adela Cordova,hombre,21,auto
467,Cally Hopper,mujer,30,moto
548,Rhonda Carney,mujer,20,no es necesaria
390,Collette Munro,mujer,19,moto
493,Aubree Marsden,mujer,31,auto
253,Rupert Ahmed,hombre,37,auto
756,Harvey-Lee Burch,mujer,24,auto
145,Ignacy Leblanc,hombre,34,moto
142,Jamie-Lee Cook,hombre,35,auto
787,Sabrina Gillespie,hombre,25,auto
394,Dalia Jefferson,mujer,23,auto
188,Chase Horner,hombre,23,auto
683,Piotr Glenn,mujer,31,auto
564,Sneha Hagan,mujer,19,moto
630,Emelia Roche,hombre,34,auto
595,Priya Oneil,mujer,37,moto
475,Matias Strickland,hombre,29,no es necesaria
376,Rianne Coleman,mujer,36,auto
446,Lucy Dunlap,hombre,36,auto
236,Maxime Haigh,mujer,22,no es necesaria
32,Jonny Cortes,mujer,25,moto
174,Subhaan Corbett,hombre,20,no es necesaria
609,Thierry Hurley,mujer,21,no es necesaria
233,Brandi Conroy,mujer,19,moto
302,Rayan Mccray,hombre,27,no es necesaria
506,Theia Parkes,mujer,20,vehiculo de carga
441,Fahad Travers,hombre,24,no es necesaria
324,Isabella-Rose Patrick,hombre,29,auto
723,Belinda Chamberlain,hombre,25,auto
633,Isobel Dudley,hombre,28,no es necesaria
809,Luca Foley,mujer,35,auto
802,Kymani Rahman,hombre,29,auto
248,Scarlett Cassidy,hombre,23,auto
802,Kymani Rahman,hombre,29,auto
314,Bryony Henry,hombre,27,auto
602,Forrest Salt,mujer,39,auto
699,Elle-May Iles,hombre,36,auto
369,Iris Fowler,mujer,21,no es necesaria
124,Zayne Crane,hombre,29,auto
100,Campbell Vazquez,hombre,36,moto
89,Grace O'Moore,mujer,39,moto
678,Toby Day,mujer,28,auto
104,Olivia-Mae Carey,mujer,24,auto
340,Aleena Maguire,mujer,32,auto
459,Taiba Richmond,mujer,23,auto
389,Samad Neville,mujer,37,auto
153,Faiz Edmonds,hombre,21,no es necesaria
183,Reyansh Mccormick,mujer,29,auto
483,Ahsan Flynn,hombre,26,auto
654,Zunairah Mcgee,mujer,24,auto
599,Kayleigh Finley,hombre,34,moto
196,Rafael Cisneros,hombre,34,auto
689,Keagan Hope,hombre,33,vehiculo de carga
667,Yasmin Barr,mujer,22,moto
368,Alister Hartman,mujer,28,no es necesaria
93,Tiffany May,mujer,23,no es necesaria
485,Denise Daniel,mujer,19,no es necesaria
476,Georgiana Yu,hombre,26,auto
464,Codie Galloway,hombre,19,auto
437,Jannat O'Moore,hombre,26,vehiculo de carga
275,Ritchie Rose,hombre,35,auto
539,Patryk Enriquez,hombre,30,no es necesaria
91,Keith Mccall,mujer,40,auto
678,Toby Day,mujer,28,auto
224,Donna Montes,mujer,27,auto
254,Kelly Keenan,hombre,32,auto
300,Humairaa Knights,mujer,39,auto
523,Millie Nava,hombre,20,auto
559,Kaiya Huerta,mujer,31,auto
555,Deen Smyth,hombre,24,moto
63,Annabelle Stephens,hombre,35,auto
753,Asha Guthrie,hombre,37,auto
421,Carley Dixon,mujer,23,auto
524,Tom Palacios,hombre,21,auto
657,Lilly-Grace Horn,mujer,31,moto
559,Kaiya Huerta,mujer,31,auto
327,Darsh Macias,mujer,20,auto
787,Sabrina Gillespie,hombre,25,vehiculo de carga
509,Rodney Woodcock,hombre,31,auto
8,Alesha Roth,hombre,25,no es necesaria
584,Toby Petty,hombre,35,auto
14,Dulcie Kearns,hombre,26,auto
148,Rhianna Gilliam,hombre,24,auto
742,Annaliese Mckinney,hombre,39,auto
692,Pierce Mora,mujer,26,auto
791,Rebecca Sheehan,hombre,29,moto
680,Kwabena Stone,mujer,19,auto
346,Edmund Whelan,mujer,25,no es necesaria
430,Alanis Clark,mujer,26,vehiculo de carga
250,David Beach,mujer,28,moto
12,Rahul Horne,mujer,28,moto
383,Nichole Savage,hombre,23,no es necesaria
682,Carolina Gomez,hombre,28,no es necesaria
275,Ritchie Rose,hombre,35,moto
576,Alfie-Lee Pruitt,mujer,24,auto
214,Milly Olson,mujer,25,auto
455,Marnie Macfarlane,mujer,19,vehiculo de carga
718,Kit Adams,mujer,23,no es necesaria
276,Cooper Draper,hombre,21,no es necesaria
396,Gina Cortes,mujer,32,moto
802,Kymani Rahman,hombre,29,auto
332,Callan Lowe,mujer,26,auto
686,Huw Lewis,hombre,37,auto
628,Jaiden Sampson,mujer,28,moto
205,Ilyas Puckett,mujer,26,moto
820,Ace Stephenson,mujer,25,auto
658,Hayden Turnbull,hombre,21,auto
95,Kelise Fraser,mujer,19,auto
40,Romilly Heath,hombre,22,moto
380,Gavin Jeffery,mujer,23,auto
120,Corrie Kirkpatrick,hombre,29,auto
327,Darsh Macias,mujer,20,auto
378,Eleanor Charlton,hombre,34,moto
712,Raheel Bonilla,mujer,19,auto
699,Elle-May Iles,hombre,21,no es necesaria
653,Geraint Shaw,mujer,37,vehiculo de carga
435,Anis Cohen,hombre,38,moto
245,Andrew Santos,hombre,19,no es necesaria
430,Alanis Clark,mujer,26,vehiculo de carga
661,Becky Strickland,hombre,30,auto
635,Shane Best,hombre,36,auto
814,Billy-Joe Ward,hombre,20,auto
523,Millie Nava,hombre,20,no es necesaria
823,Nevaeh Gill,mujer,30,no es necesaria
187,Kathryn Whiteley,mujer,32,moto
399,Bree Cleveland,mujer,30,auto
537,Denzel Herrera,hombre,29,auto
563,Florence Lucero,hombre,23,auto
814,Billy-Joe Ward,hombre,20,vehiculo de carga
536,Dionne Dowling,hombre,20,auto
411,Carter Richards,hombre,30,no es necesaria
63,Annabelle Stephens,hombre,35,moto
733,Gino Alston,hombre,37,auto
276,Cooper Draper,hombre,21,moto
620,Tj Moran,mujer,24,moto
777,Waleed Aguirre,hombre,30,auto
794,Ella-Mai Butt,mujer,36,vehiculo de carga
258,Tanisha Allen,mujer,31,vehiculo de carga
72,Anne Bray,mujer,27,moto
289,Lois Charlton,mujer,29,no es necesaria
736,Hettie Samuels,hombre,30,moto
756,Harvey-Lee Burch,mujer,24,auto
331,Cerys Clarkson,hombre,34,auto
347,Carrie-Ann Dickson,mujer,20,no es necesaria
445,Maisey Alexander,hombre,19,moto
760,Haidar Moreno,hombre,24,auto
407,Sherri Kearns,mujer,22,vehiculo de carga
556,Petra Rigby,hombre,36,auto
137,Judith Stott,mujer,22,auto
445,Maisey Alexander,hombre,19,vehiculo de carga
624,Jasleen Parker,hombre,40,auto
378,Eleanor Charlton,hombre,34,auto
700,Mohamed Mcclain,hombre,19,vehiculo de carga
73,Alexandria Garrison,hombre,20,moto
718,Kit Adams,mujer,23,auto
560,Maiya Tierney,hombre,25,auto
18,Jaidon Gay,mujer,36,auto
253,Rupert Ahmed,hombre,37,auto
156,Jasper Hicks,mujer,19,auto
59,Macauley Davison,mujer,32,auto
478,Lucien Watkins,mujer,21,moto
463,Haleemah Baxter,mujer,25,moto
395,Johnny Perry,mujer,24,auto
630,Emelia Roche,hombre,34,auto
595,Priya Oneil,mujer,28,no es necesaria
586,Kirstin Fry,mujer,23,auto
763,Khadija Dalby,mujer,19,no es necesaria
519,Connor Weir,hombre,30,auto
235,Aria Massey,mujer,26,auto
36,Uma Morales,mujer,19,no es necesaria
582,Freddie Byrne,mujer,25,moto
703,Aleksander Patton,hombre,39,vehiculo de carga
71,Oliwia Livingston,mujer,27,moto
116,Riccardo Hamilton,mujer,19,moto
314,Bryony Henry,hombre,27,moto
706,Emile Lopez,hombre,23,auto
707,Lisa-Marie Grimes,hombre,20,auto
65,Quinn Munro,mujer,29,moto
593,Olivia-Rose Fuentes,hombre,20,no es necesaria
813,Aiden Arnold,hombre,37,auto
254,Kelly Keenan,hombre,32,auto
273,Dania Love,hombre,24,no es necesaria
744,Sonnie Pugh,mujer,35,auto
146,Marcelina Lowery,hombre,30,vehiculo de carga
63,Annabelle Stephens,hombre,35,auto
274,Abbi Millington,hombre,27,auto
388,Sylvia Mcfarland,hombre,27,auto
363,Hughie Storey,hombre,25,auto
520,Ainsley Read,mujer,26,auto
720,Ricardo Devine,mujer,24,no es necesaria
336,Fred Sharples,mujer,19,auto
745,Lola-Mae Whittaker,hombre,27,moto
282,Alister Hills,hombre,20,no es necesaria
654,Zunairah Mcgee,mujer,24,moto
466,Cai Mcneil,mujer,22,no es necesaria
238,Arslan Horton,hombre,39,moto
693,Jonah Murphy,hombre,21,moto
133,Adrian Fitzgerald,hombre,31,vehiculo de carga
778,Dev Adamson,mujer,28,auto
99,Nathanael Carlson,hombre,24,auto
376,Rianne Coleman,mujer,28,no es necesaria
296,Shelby Holder,mujer,29,no es necesaria
168,Christie Zavala,mujer,29,auto
381,Kiera Mccallum,hombre,30,no es necesaria
145,Ignacy Leblanc,hombre,25,no es necesaria
605,Alicja Magana,mujer,30,no es necesaria
652,Lori Forrest,hombre,29,moto
495,Fatima Traynor,mujer,36,moto
145,Ignacy Leblanc,hombre,34,vehiculo de carga
362,Nakita Kelly,mujer,36,auto
634,Cora Camacho,mujer,23,moto
543,Joan Alvarado,hombre,26,auto
40,Romilly Heath,hombre,26,no es necesaria
488,Melissa Ashley,hombre,30,auto
185,Ihsan Kelley,hombre,30,no es necesaria
645,Manisha Stephens,mujer,20,no es necesaria
733,Gino Alston,hombre,37,vehiculo de carga
230,Bernard Wells,hombre,30,auto
598,Esme-Rose Wicks,hombre,29,no es necesaria
518,Avneet Pennington,mujer,27,auto
615,Kajus Garrison,mujer,34,moto
184,Shahzaib Bellamy,mujer,31,auto
25,Katie Yoder,hombre,34,auto
537,Denzel Herrera,hombre,29,moto
790,Robyn Hyde,hombre,26,moto
20,Alisa Carpenter,hombre,39,auto
342,Adrienne Lamb,mujer,20,vehiculo de carga
97,Marianna Barry,hombre,19,no es necesaria
328,Alexandra Barrera,hombre,22,vehiculo de carga
97,Marianna Barry,hombre,21,moto
710,Vincenzo Preece,mujer,39,vehiculo de carga
289,Lois Charlton,mujer,29,no es necesaria
101,Fariha Barnard,hombre,20,no es necesaria
518,Avneet Pennington,mujer,27,no es necesaria
624,Jasleen Parker,hombre,40,moto
578,Raife Cassidy,hombre,29,moto
593,Olivia-Rose Fuentes,hombre,26,no es necesaria
304,Kerri Herbert,mujer,20,vehiculo de carga
725,Glenn Curry,mujer,27,auto
655,Xander Simmonds,hombre,30,auto
477,Amritpal Whyte,mujer,22,auto
424,Karter Swan,hombre,37,moto
625,Darryl Carlson,hombre,27,vehiculo de carga
742,Annaliese Mckinney,hombre,39,moto
639,Caitlan Whitehouse,mujer,34,auto
518,Avneet Pennington,mujer,27,no es necesaria
511,Patience Waters,hombre,30,no es necesaria
304,Kerri Herbert,mujer,20,vehiculo de carga
410,Clodagh Greenaway,mujer,26,moto
49,Vijay Palacios,mujer,20,auto
614,Deanne Villarreal,mujer,40,vehiculo de carga
442,Samiya Hardin,mujer,37,moto
372,Julien Sloan,mujer,20,vehiculo de carga
423,Reya Bruce,mujer,29,no es necesaria
206,Raees Livingston,mujer,26,no es necesaria
606,Arthur Lara,mujer,28,auto
665,Irfan Britton,hombre,39,moto
646,Sylvia Faulkner,mujer,21,vehiculo de carga
412,Robyn Riddle,mujer,39,moto
502,Alfie-James Moyer,hombre,36,auto
404,Lacey Thatcher,hombre,38,auto
52,Charlie Rahman,mujer,22,no es necesaria
103,Petra Sharp,hombre,24,auto
298,Josie Ibarra,mujer,26,auto
513,Ralphy Phan,hombre,29,moto
511,Patience Waters,hombre,30,vehiculo de carga
363,Hughie Storey,hombre,22,no es necesaria
455,Marnie Macfarlane,mujer,19,auto
707,Lisa-Marie Grimes,hombre,28,moto
257,Tyreece Cohen,hombre,35,auto
632,Dominik Wynn,mujer,38,auto
573,Fahad Diaz,hombre,39,auto
311,Jevan Martins,mujer,25,auto
619,Ruby-May Espinosa,hombre,35,auto
284,Trystan Wall,mujer,35,moto
462,Reanne Cooke,mujer,21,auto
512,Miruna Friedman,hombre,24,no es necesaria
567,Theodore Wilkes,hombre,38,auto
699,Elle-May Iles,hombre,36,vehiculo de carga
287,Izaan Byrd,mujer,30,no es necesaria
37,Shamima Wormald,mujer,24,no es necesaria
281,Zayaan Paterson,mujer,28,auto
158,Amanpreet Mata,hombre,39,vehiculo de carga
227,Freya Gross,hombre,24,auto
194,Korben Hurley,hombre,21,auto
32,Jonny Cortes,mujer,25,vehiculo de carga
654,Zunairah Mcgee,mujer,24,no es necesaria
624,Jasleen Parker,hombre,40,moto
126,Adnaan Rowley,hombre,26,auto
106,Ira Houston,mujer,26,vehiculo de carga
643,Kaleem Hill,hombre,24,vehiculo de carga
702,Ajwa Daly,mujer,20,no es necesaria
640,Emillie Frye,hombre,22,no es necesaria
342,Adrienne Lamb,mujer,28,no es necesaria
298,Josie Ibarra,mujer,26,no es necesaria
109,Geoffrey Ellis,hombre,20,auto
369,Iris Fowler,mujer,28,auto
513,Ralphy Phan,hombre,29,auto
429,Amanah Mckay,hombre,28,vehiculo de carga
128,Arham Johnson,hombre,20,no es necesaria
562,Amelia-Mae Malone,hombre,30,no es necesaria
254,Kelly Keenan,hombre,32,auto
505,Ruby-Leigh Stevenson,hombre,20,no es necesaria
542,Abdur-Rahman O'Reilly,mujer,40,vehiculo de carga
345,Enid Flower,hombre,31,auto
132,Kohen Tait,hombre,31,moto
104,Olivia-Mae Carey,mujer,24,moto
42,Malaki Wiggins,hombre,22,auto
716,Prisha Spencer,hombre,35,vehiculo de carga
243,Thalia Scott,mujer,27,no es necesaria
526,Ziva Langley,hombre,39,auto
664,Milly Rudd,mujer,35,auto
375,Justine Wood,mujer,31,vehiculo de carga
582,Freddie Byrne,mujer,25,auto
673,Homer Jacobson,mujer,21,no es necesaria
187,Kathryn Whiteley,mujer,32,auto
331,Cerys Clarkson,hombre,34,auto
477,Amritpal Whyte,mujer,22,auto
511,Patience Waters,hombre,30,auto
342,Adrienne Lamb,mujer,20,auto
262,Dante Nava,mujer,20,no es necesaria
316,Cayson Branch,mujer,23,no es necesaria
265,Albert Irvine,hombre,22,no es necesaria
578,Raife Cassidy,hombre,28,moto
156,Jasper Hicks,mujer,24,auto
459,Taiba Richmond,mujer,23,auto
273,Dania Love,hombre,24,moto
783,Jobe Reyes,hombre,20,auto
573,Fahad Diaz,hombre,39,auto
517,Lilly-Grace Tucker,hombre,21,moto
384,Ellie-Mai Hutton,mujer,26,auto
267,Uzma Burris,mujer,28,moto
240,Caius Ball,mujer,22,moto
602,Forrest Salt,mujer,39,moto
490,Anisha Brady,mujer,39,auto
335,Jardel Keith,hombre,19,no es necesaria
479,Carter Plummer,hombre,25,no es necesaria
398,Gracie-May Patton,hombre,28,no es necesaria
658,Hayden Turnbull,hombre,30,no es necesaria
483,Ahsan Flynn,hombre,28,auto
392,Theo Davenport,hombre,39,auto
381,Kiera Mccallum,hombre,37,auto
602,Forrest Salt,mujer,39,auto
11,Toni Morris,hombre,25,no es necesaria
573,Fahad Diaz,hombre,39,moto
614,Deanne Villarreal,mujer,40,auto
169,Annaliese Rosa,hombre,25,moto
14,Dulcie Kearns,hombre,26,no es necesaria
731,Nico Lim,hombre,24,no es necesaria
313,Caspian Potts,hombre,23,vehiculo de carga
673,Homer Jacobson,mujer,22,no es necesaria
95,Kelise Fraser,mujer,19,vehiculo de carga
715,Ramone Guzman,mujer,22,no es necesaria
173,Sophia Ryan,hombre,28,no es necesaria
516,Sallie Wolf,mujer,34,moto
780,Annabelle Mullins,hombre,25,auto
423,Reya Bruce,mujer,29,vehiculo de carga
172,Arla Hinton,mujer,29,moto
194,Korben Hurley,hombre,21,auto
737,Cari Welch,mujer,22,no es necesaria
497,Jose Farrell,hombre,34,moto
216,Danyl Boyer,mujer,29,moto
615,Kajus Garrison,mujer,34,moto
384,Ellie-Mai Hutton,mujer,26,moto
12,Rahul Horne,mujer,20,moto
220,Bella-Rose Cox,mujer,19,no es necesaria
575,Ricardo Amin,mujer,26,vehiculo de carga
484,Jesus Small,hombre,25,auto
191,Naeem Sharpe,hombre,29,auto
553,Bridie Currie,mujer,35,auto
618,Quentin Jacobs,hombre,22,moto
690,Tudor Proctor,mujer,36,moto
768,Tiffany Cantu,hombre,26,auto
768,Tiffany Cantu,hombre,26,auto
483,Ahsan Flynn,hombre,28,auto
158,Amanpreet Mata,hombre,39,auto
89,Grace O'Moore,mujer,39,auto
122,Darragh Foreman,mujer,21,no es necesaria
324,Isabella-Rose Patrick,hombre,22,no es necesaria
103,Petra Sharp,hombre,24,auto
221,Lillia Hartman,mujer,24,auto
652,Lori Forrest,hombre,29,auto
421,Carley Dixon,mujer,27,no es necesaria
300,Humairaa Knights,mujer,28,no es necesaria
65,Quinn Munro,mujer,29,vehiculo de carga
698,Harlan Goodman,hombre,26,no es necesaria
550,Bella-Rose Rivers,mujer,28,vehiculo de carga
116,Riccardo Hamilton,mujer,19,auto
660,Ayomide Mosley,mujer,24,auto
520,Ainsley Read,mujer,28,auto
84,Mary Manning,mujer,26,auto
42,Malaki Wiggins,hombre,22,auto
183,Reyansh Mccormick,mujer,29,auto
273,Dania Love,hombre,24,auto
115,Ivie Perez,hombre,30,auto
324,Isabella-Rose Patrick,hombre,21,no es necesaria
313,Caspian Potts,hombre,23,auto
525,Muneeb Huff,mujer,34,moto
168,Christie Zavala,mujer,29,no es necesaria
546,Cecelia Bender,hombre,25,vehiculo de carga
794,Ella-Mai Butt,mujer,36,auto
84,Mary Manning,mujer,26,auto
38,Eleasha Craig,hombre,24,auto
787,Sabrina Gillespie,hombre,25,no es necesaria
686,Huw Lewis,hombre,37,auto
664,Milly Rudd,mujer,35,moto
615,Kajus Garrison,mujer,34,auto
661,Becky Strickland,hombre,30,auto
151,Lola-Mae Kay,hombre,22,no es necesaria
535,Susie Crane,mujer,26,moto
315,Finnley Orr,hombre,20,auto
259,Amie Fuller,mujer,27,no es necesaria
690,Tudor Proctor,mujer,36,vehiculo de carga
296,Shelby Holder,mujer,29,moto
23,Nyah Croft,mujer,20,no es necesaria
240,Caius Ball,mujer,22,auto
683,Piotr Glenn,mujer,30,no es necesaria
136,Alix Thatcher,mujer,30,vehiculo de carga
657,Lilly-Grace Horn,mujer,25,no es necesaria
506,Theia Parkes,mujer,20,moto
630,Emelia Roche,hombre,34,vehiculo de carga
351,Summer-Louise Strong,hombre,30,auto
409,Mack Wallis,mujer,28,moto
407,Sherri Kearns,mujer,22,vehiculo de carga
99,Nathanael Carlson,hombre,24,moto
291,Nafisa Foster,mujer,25,vehiculo de carga
792,Sakina Stewart,hombre,23,auto
799,Harlow Woods,hombre,24,moto
717,Maisy Bright,hombre,19,moto
575,Ricardo Amin,mujer,23,moto
669,Dawson Rayner,mujer,39,moto
187,Kathryn Whiteley,mujer,32,auto
366,Lily-Rose Wharton,mujer,34,auto
61,Kacy Stubbs,hombre,28,auto
372,Julien Sloan,mujer,20,vehiculo de carga
381,Kiera Mccallum,hombre,30,auto
411,Carter Richards,hombre,21,auto
130,Marwah Wiggins,hombre,40,moto
221,Lillia Hartman,mujer,24,moto
243,Thalia Scott,mujer,27,moto
153,Faiz Edmonds,hombre,35,moto
815,Nathaniel Rivas,mujer,22,vehiculo de carga
779,Karis Downes,mujer,25,no es necesaria
154,Cadi Stokes,hombre,20,no es necesaria
734,Aalia Ball,mujer,25,moto
432,Elle Lindsay,hombre,38,moto
6,Aadam Dunlop,hombre,30,no es necesaria
761,Shayaan Watkins,hombre,28,vehiculo de carga
600,Clayton Mckenna,mujer,34,vehiculo de carga
404,Lacey Thatcher,hombre,38,auto
153,Faiz Edmonds,hombre,35,auto
677,Zack Sanderson,hombre,32,auto
708,Macsen Major,hombre,38,moto
578,Raife Cassidy,hombre,28,no es necesaria
636,Denis Mann,mujer,28,no es necesaria
810,Ariyan Patel,hombre,21,no es necesaria
563,Florence Lucero,hombre,23,vehiculo de carga
526,Ziva Langley,hombre,39,auto
289,Lois Charlton,mujer,39,vehiculo de carga
369,Iris Fowler,mujer,25,no es necesaria
207,Kien Christensen,hombre,28,auto
86,Nataniel Miller,mujer,22,moto
281,Zayaan Paterson,mujer,28,vehiculo de carga
96,Lacy Simon,hombre,36,auto
392,Theo Davenport,hombre,39,moto
306,Trey Evans,hombre,38,auto
53,Eoin Sosa,hombre,29,auto
543,Joan Alvarado,hombre,26,auto
591,Mayson Nicholson,hombre,23,no es necesaria
220,Bella-Rose Cox,mujer,25,moto
118,Jonathan Turner,mujer,40,auto
515,Iram Carroll,hombre,40,moto
497,Jose Farrell,hombre,34,vehiculo de carga
424,Karter Swan,hombre,37,auto
705,Brendon Denton,mujer,22,no es necesaria
33,Ari Tomlinson,hombre,24,auto
812,Evan Haas,hombre,40,moto
120,Corrie Kirkpatrick,hombre,29,auto
625,Darryl Carlson,hombre,27,auto
246,Cora Becker,mujer,27,auto
183,Reyansh Mccormick,mujer,29,auto
323,Heath Cruz,mujer,30,no es necesaria
334,Zaine Trujillo,hombre,24,no es necesaria
311,Jevan Martins,mujer,25,auto
277,Avani Phan,mujer,39,moto
318,Martina Betts,mujer,30,auto
644,Serenity Rossi,mujer,23,auto
96,Lacy Simon,hombre,23,no es necesaria
591,Mayson Nicholson,hombre,23,auto
641,Roberta Rankin,mujer,30,vehiculo de carga
757,Kamran Santos,hombre,28,auto
206,Raees Livingston,mujer,27,no es necesaria
192,Javan Wiley,hombre,21,auto
154,Cadi Stokes,hombre,29,auto
114,Lorraine Maxwell,hombre,23,no es necesaria
58,Harriett Castillo,mujer,24,vehiculo de carga
797,Hashir Hendricks,mujer,29,auto
115,Ivie Perez,hombre,29,no es necesaria
392,Theo Davenport,hombre,39,auto
611,Marlene Hawes,hombre,40,moto
291,Nafisa Foster,mujer,25,auto
554,Samuel Sheridan,hombre,24,auto
615,Kajus Garrison,mujer,34,auto
515,Iram Carroll,hombre,40,auto
339,Thea Stephens,mujer,37,auto
691,Winston Castro,mujer,22,no es necesaria
350,Oran Valdez,hombre,31,auto
388,Sylvia Mcfarland,hombre,19,auto
523,Millie Nava,hombre,20,moto
726,Shahzaib Lester,mujer,22,auto
306,Trey Evans,hombre,38,auto
240,Caius Ball,mujer,22,auto
534,Fynley Glenn,mujer,25,auto
398,Gracie-May Patton,hombre,28,auto
264,Roan Stubbs,mujer,34,moto
715,Ramone Guzman,mujer,27,auto
118,Jonathan Turner,mujer,40,auto
216,Danyl Boyer,mujer,29,vehiculo de carga
710,Vincenzo Preece,mujer,39,auto
29,Alexandra Naylor,mujer,19,no es necesaria
811,Luqman Marks,mujer,28,no es necesaria
462,Reanne Cooke,mujer,21,moto
75,Braiden Hoover,hombre,28,vehiculo de carga
636,Denis Mann,mujer,33,auto
693,Jonah Murphy,hombre,21,no es necesaria
110,Aviana Nairn,hombre,37,auto
619,Ruby-May Espinosa,hombre,35,auto
200,Alana Rahman,hombre,22,vehiculo de carga
444,Joseff Peters,hombre,20,auto
33,Ari Tomlinson,hombre,24,auto
554,Samuel Sheridan,hombre,24,auto
79,Yisroel O'Neill,mujer,27,moto
133,Adrian Fitzgerald,hombre,31,auto
692,Pierce Mora,mujer,26,auto
9,Khia Kline,mujer,22,no es necesaria
356,Cem Moss,mujer,32,auto
586,Kirstin Fry,mujer,23,auto
816,Harry Hood,mujer,26,moto
803,Gaia Pearson,mujer,28,moto
531,Carter Bradshaw,hombre,35,auto
177,Abbas Gonzales,hombre,39,auto
657,Lilly-Grace Horn,mujer,25,moto
768,Tiffany Cantu,hombre,26,auto
118,Jonathan Turner,mujer,40,vehiculo de carga
423,Reya Bruce,mujer,29,auto
741,Pola Finney,mujer,23,moto
317,Rhonda Reeve,hombre,26,auto
474,Suzanna Romero,hombre,22,auto
574,Ivy-Rose Mcclure,mujer,25,auto
118,Jonathan Turner,mujer,40,vehiculo de carga
291,Nafisa Foster,mujer,25,auto
335,Jardel Keith,hombre,25,moto
477,Amritpal Whyte,mujer,22,vehiculo de carga
270,Gene Melton,hombre,23,no es necesaria
357,Zeshan Mcmillan,mujer,25,moto
709,Ameera Edwards,mujer,28,auto
744,Sonnie Pugh,mujer,35,auto
156,Jasper Hicks,mujer,19,auto
28,Gabija Norton,hombre,19,moto
614,Deanne Villarreal,mujer,40,auto
358,Mahnoor Legge,hombre,31,auto
101,Fariha Barnard,hombre,21,auto
381,Kiera Mccallum,hombre,30,moto
242,Sulaiman Martin,hombre,40,auto
687,Atticus Hussain,mujer,26,moto
561,Linzi Wong,mujer,29,auto
660,Ayomide Mosley,mujer,24,vehiculo de carga
629,Janine Keller,hombre,28,no es necesaria
355,Elliot Pacheco,mujer,32,auto
353,Aisling Chaney,mujer,25,auto
738,Howard Boone,hombre,28,no es necesaria
285,Abubakr Benjamin,hombre,21,vehiculo de carga
497,Jose Farrell,hombre,34,auto
119,Tierney Mackay,hombre,20,auto
697,Ferne Fritz,mujer,27,vehiculo de carga
697,Ferne Fritz,mujer,27,no es necesaria
441,Fahad Travers,hombre,24,vehiculo de carga
333,Maddox Moon,hombre,35,moto
653,Geraint Shaw,mujer,37,auto
742,Annaliese Mckinney,hombre,39,auto
144,Millie-Rose Frost,hombre,21,no es necesaria
276,Cooper Draper,hombre,27,no es necesaria
548,Rhonda Carney,mujer,36,auto
575,Ricardo Amin,mujer,23,no es necesaria
442,Samiya Hardin,mujer,30,auto
598,Esme-Rose Wicks,hombre,29,auto
575,Ricardo Amin,mujer,26,auto
496,Imran Senior,mujer,25,auto
0,Corban Stacey,hombre,31,auto
65,Quinn Munro,mujer,29,auto
414,Omari Fuller,hombre,23,auto
357,Zeshan Mcmillan,mujer,20,no es necesaria
192,Javan Wiley,hombre,21,no es necesaria
674,Freddy Simons,hombre,33,auto
115,Ivie Perez,hombre,30,no es necesaria
681,Cheyanne Petersen,mujer,30,auto
734,Aalia Ball,mujer,22,no es necesaria
188,Chase Horner,hombre,23,no es necesaria
537,Denzel Herrera,hombre,29,auto
167,Edward Truong,mujer,21,auto
484,Jesus Small,hombre,20,no es necesaria
246,Cora Becker,mujer,27,auto
116,Riccardo Hamilton,mujer,19,auto
397,Margo Stuart,mujer,19,no es necesaria
553,Bridie Currie,mujer,24,no es necesaria
26,Ottilie Campos,mujer,28,auto
437,Jannat O'Moore,hombre,26,no es necesaria
123,Nel Carson,hombre,39,auto
579,Solomon Morton,hombre,27,moto
465,Lance Weber,mujer,26,auto
610,Lillie-Rose Stokes,mujer,29,auto
715,Ramone Guzman,mujer,24,no es necesaria
592,Latoya Powers,hombre,22,no es necesaria
321,Izabella Bate,mujer,19,auto
149,Courtney O'Sullivan,mujer,38,auto
810,Ariyan Patel,hombre,21,auto
741,Pola Finney,mujer,23,no es necesaria
140,Talia Ellwood,mujer,27,no es necesaria
756,Harvey-Lee Burch,mujer,24,moto
262,Dante Nava,mujer,27,moto
601,Aimie Sears,hombre,32,moto
592,Latoya Powers,hombre,22,auto
85,Hermione Ventura,hombre,27,moto
181,Carys Conrad,hombre,31,auto
695,Reece Price,hombre,21,auto
539,Patryk Enriquez,hombre,23,no es necesaria
20,Alisa Carpenter,hombre,30,no es necesaria
803,Gaia Pearson,mujer,28,no es necesaria
653,Geraint Shaw,mujer,37,moto
707,Lisa-Marie Grimes,hombre,28,no es necesaria
59,Macauley Davison,mujer,32,moto
506,Theia Parkes,mujer,20,auto
361,Kasim Brooks,mujer,25,auto
238,Arslan Horton,hombre,39,moto
640,Emillie Frye,hombre,31,auto
181,Carys Conrad,hombre,31,vehiculo de carga
130,Marwah Wiggins,hombre,40,auto
448,Layton Sparks,mujer,22,auto
642,Louie Harwood,mujer,19,auto
780,Annabelle Mullins,hombre,25,moto
232,Alyce Kirkpatrick,mujer,33,auto
110,Aviana Nairn,hombre,37,moto
757,Kamran Santos,hombre,28,moto
167,Edward Truong,mujer,21,no es necesaria
744,Sonnie Pugh,mujer,35,vehiculo de carga
485,Denise Daniel,mujer,36,auto
617,Minahil Kaye,hombre,23,moto
336,Fred Sharples,mujer,26,no es necesaria
12,Rahul Horne,mujer,20,no es necesaria
416,Elliott Irwin,hombre,21,no es necesaria
165,Abubakar Bowler,mujer,27,moto
106,Ira Houston,mujer,26,moto
129,Josh Fry,mujer,23,auto
459,Taiba Richmond,mujer,23,auto
350,Oran Valdez,hombre,31,vehiculo de carga
483,Ahsan Flynn,hombre,28,no es necesaria
525,Muneeb Huff,mujer,34,auto
525,Muneeb Huff,mujer,34,moto
596,Kaiden Ewing,mujer,27,vehiculo de carga
550,Bella-Rose Rivers,mujer,28,moto
52,Charlie Rahman,mujer,22,auto
86,Nataniel Miller,mujer,22,auto
464,Codie Galloway,hombre,19,no es necesaria
291,Nafisa Foster,mujer,25,moto
636,Denis Mann,mujer,33,auto
548,Rhonda Carney,mujer,20,auto
671,Izaak Mathis,hombre,38,moto
698,Harlan Goodman,hombre,23,no es necesaria
776,Dainton Pratt,mujer,22,moto
37,Shamima Wormald,mujer,19,no es necesaria
671,Izaak Mathis,hombre,38,vehiculo de carga
540,Massimo Needham,hombre,26,moto
300,Humairaa Knights,mujer,29,no es necesaria
67,Haley Bonilla,hombre,19,no es necesaria
67,Haley Bonilla,hombre,32,auto
539,Patryk Enriquez,hombre,30,vehiculo de carga
314,Bryony Henry,hombre,20,no es necesaria
119,Tierney Mackay,hombre,20,no es necesaria
551,Junayd Andersen,hombre,36,moto
437,Jannat O'Moore,hombre,20,moto
555,Deen Smyth,hombre,21,auto
456,Daphne Mccallum,hombre,30,no es necesaria
159,Patryk Vang,hombre,26,vehiculo de carga
711,Hudson Emerson,mujer,38,moto
268,Tyreke Gilmore,mujer,37,moto
299,Effie Washington,hombre,35,moto
609,Thierry Hurley,mujer,21,auto
351,Summer-Louise Strong,hombre,30,moto
551,Junayd Andersen,hombre,36,vehiculo de carga
523,Millie Nava,hombre,20,vehiculo de carga
189,Oliver Fitzpatrick,hombre,25,auto
25,Katie Yoder,hombre,34,auto
707,Lisa-Marie Grimes,hombre,20,vehiculo de carga
636,Denis Mann,mujer,33,auto
705,Brendon Denton,mujer,22,auto
736,Hettie Samuels,hombre,30,auto
452,Kaeden Frazier,hombre,39,auto
42,Malaki Wiggins,hombre,22,auto
679,Amber-Rose Wardle,hombre,26,no es necesaria
264,Roan Stubbs,mujer,34,auto
790,Robyn Hyde,hombre,26,auto
772,Ayana Portillo,mujer,24,auto
102,Subhan Pearce,hombre,22,auto
749,Zac Mcgill,mujer,30,no es necesaria
761,Shayaan Watkins,hombre,28,auto
96,Lacy Simon,hombre,23,auto
91,Keith Mccall,mujer,40,moto
466,Cai Mcneil,mujer,22,vehiculo de carga
82,Jayden-James Mckay,mujer,26,no es necesaria
20,Alisa Carpenter,hombre,39,auto
620,Tj Moran,mujer,21,no es necesaria
315,Finnley Orr,hombre,20,auto
299,Effie Washington,hombre,22,no es necesaria
429,Amanah Mckay,hombre,37,auto
125,Lilli Leech,mujer,31,auto
712,Raheel Bonilla,mujer,19,moto
458,Hasan Harrison,hombre,40,auto
779,Karis Downes,mujer,19,auto
391,Bryce Watt,mujer,25,moto
165,Abubakar Bowler,mujer,27,auto
132,Kohen Tait,hombre,31,auto
403,Cyrus Fountain,mujer,21,moto
328,Alexandra Barrera,hombre,22,auto
694,Frances Hartman,mujer,39,moto
593,Olivia-Rose Fuentes,hombre,24,no es necesaria
377,Demi-Leigh Byrd,hombre,33,vehiculo de carga
67,Haley Bonilla,hombre,32,moto
382,Nimrah Lowery,mujer,32,auto
97,Marianna Barry,hombre,21,auto
345,Enid Flower,hombre,31,auto
415,Lewis Mcleod,hombre,27,auto
646,Sylvia Faulkner,mujer,21,no es necesaria
456,Daphne Mccallum,hombre,25,no es necesaria
393,Melisa Travis,mujer,34,vehiculo de carga
695,Reece Price,hombre,21,moto
502,Alfie-James Moyer,hombre,36,moto
736,Hettie Samuels,hombre,30,moto
654,Zunairah Mcgee,mujer,19,no es necesaria
389,Samad Neville,mujer,19,no es necesaria
36,Uma Morales,mujer,19,auto
136,Alix Thatcher,mujer,23,no es necesaria
797,Hashir Hendricks,mujer,29,moto
785,Nasir Jenkins,hombre,27,auto
798,Yash Wallace,mujer,19,auto
287,Izaan Byrd,mujer,22,no es necesaria
159,Patryk Vang,hombre,26,vehiculo de carga
316,Cayson Branch,mujer,23,auto
799,Harlow Woods,hombre,24,auto
728,Karol Knights,mujer,28,no es necesaria
286,Zackery Sheridan,mujer,29,moto
181,Carys Conrad,hombre,31,auto
72,Anne Bray,mujer,27,no es necesaria
161,Hailie Kirkpatrick,mujer,34,auto
610,Lillie-Rose Stokes,mujer,29,vehiculo de carga
534,Fynley Glenn,mujer,25,no es necesaria
612,Diego Castillo,hombre,34,auto
169,Annaliese Rosa,hombre,25,no es necesaria
217,Steven Hills,mujer,37,auto
804,Ruth Steadman,mujer,22,no es necesaria
641,Roberta Rankin,mujer,30,auto
242,Sulaiman Martin,hombre,40,auto
21,Darcie-Mae Hutton,hombre,37,moto
323,Heath Cruz,mujer,30,auto
191,Naeem Sharpe,hombre,24,auto
478,Lucien Watkins,mujer,36,auto
805,Asiya Short,hombre,22,auto
424,Karter Swan,hombre,37,auto
676,Rita Kouma,hombre,34,auto
776,Dainton Pratt,mujer,22,moto
716,Prisha Spencer,hombre,35,moto
701,Lennox Mcculloch,mujer,20,auto
119,Tierney Mackay,hombre,34,moto
618,Quentin Jacobs,hombre,22,auto
159,Patryk Vang,hombre,26,vehiculo de carga
157,Kara Rivas,hombre,37,moto
55,Dillon Reeves,mujer,34,auto
345,Enid Flower,hombre,31,auto
635,Shane Best,hombre,36,auto
737,Cari Welch,mujer,28,auto
655,Xander Simmonds,hombre,26,no es necesaria
476,Georgiana Yu,hombre,28,no es necesaria
243,Thalia Scott,mujer,36,auto
372,Julien Sloan,mujer,20,auto
621,Karina Morgan,hombre,32,vehiculo de carga
429,Amanah Mckay,hombre,28,no es necesaria
718,Kit Adams,mujer,30,no es necesaria
214,Milly Olson,mujer,25,moto
398,Gracie-May Patton,hombre,28,no es necesaria
534,Fynley Glenn,mujer,25,moto
466,Cai Mcneil,mujer,22,auto
38,Eleasha Craig,hombre,24,vehiculo de carga
247,Allana Jarvis,hombre,37,auto
39,Caitlyn Mckenzie,mujer,28,moto
670,Tasmin Crossley,hombre,22,auto
603,Claudia Avery,hombre,29,moto
157,Kara Rivas,hombre,25,vehiculo de carga
18,Jaidon Gay,mujer,36,moto
336,Fred Sharples,mujer,20,no es necesaria
579,Solomon Morton,hombre,27,auto
61,Kacy Stubbs,hombre,24,no es necesaria
728,Karol Knights,mujer,28,moto
20,Alisa Carpenter,hombre,21,no es necesaria
815,Nathaniel Rivas,mujer,22,auto
444,Joseff Peters,hombre,20,no es necesaria
332,Callan Lowe,mujer,26,auto
535,Susie Crane,mujer,26,no es necesaria
95,Kelise Fraser,mujer,19,vehiculo de carga
12,Rahul Horne,mujer,28,no es necesaria
142,Jamie-Lee Cook,hombre,35,moto
129,Josh Fry,mujer,23,auto
39,Caitlyn Mckenzie,mujer,28,no es necesaria
559,Kaiya Huerta,mujer,31,auto
603,Claudia Avery,hombre,36,moto
595,Priya Oneil,mujer,30,no es necesaria
198,Justine Black,mujer,25,auto
470,Guto Benitez,mujer,21,moto
230,Bernard Wells,hombre,37,auto
693,Jonah Murphy,hombre,27,auto
691,Winston Castro,mujer,27,no es necesaria
681,Cheyanne Petersen,mujer,30,auto
177,Abbas Gonzales,hombre,39,auto
257,Tyreece Cohen,hombre,35,auto
368,Alister Hartman,mujer,30,auto
270,Gene Melton,hombre,20,vehiculo de carga
207,Kien Christensen,hombre,28,auto
602,Forrest Salt,mujer,39,moto
37,Shamima Wormald,mujer,24,moto
472,Liyah Cooper,hombre,31,moto
127,Sian Montgomery,mujer,26,moto
600,Clayton Mckenna,mujer,34,vehiculo de carga
717,Maisy Bright,hombre,19,moto
141,Nicky O'Brien,mujer,20,no es necesaria
678,Toby Day,mujer,28,auto
772,Ayana Portillo,mujer,24,moto
584,Toby Petty,hombre,35,moto
486,Isabell Hogan,hombre,27,auto
2,Sia Begum,mujer,27,no es necesaria
336,Fred Sharples,mujer,19,no es necesaria
759,Stefan Allen,mujer,19,auto
645,Manisha Stephens,mujer,28,auto
689,Keagan Hope,hombre,33,vehiculo de carga
749,Zac Mcgill,mujer,26,no es necesaria
655,Xander Simmonds,hombre,30,no es necesaria
236,Maxime Haigh,mujer,20,no es necesaria
422,Elizabeth Hopper,hombre,38,auto
224,Donna Montes,mujer,27,auto
513,Ralphy Phan,hombre,29,moto
257,Tyreece Cohen,hombre,35,auto
32,Jonny Cortes,mujer,25,vehiculo de carga
518,Avneet Pennington,mujer,27,auto
811,Luqman Marks,mujer,22,auto
178,Scarlet Banks,mujer,28,auto
472,Liyah Cooper,hombre,26,no es necesaria
466,Cai Mcneil,mujer,28,no es necesaria
239,Jobe Hopper,hombre,31,moto
49,Vijay Palacios,mujer,20,auto
672,Korban Robbins,mujer,30,moto
801,Miller Fletcher,hombre,34,auto
425,Hettie Sweeney,hombre,29,moto
531,Carter Bradshaw,hombre,35,auto
191,Naeem Sharpe,hombre,24,moto
629,Janine Keller,hombre,21,no es necesaria
810,Ariyan Patel,hombre,21,auto
521,Jaheim William,hombre,32,moto
18,Jaidon Gay,mujer,36,moto
128,Arham Johnson,hombre,26,no es necesaria
205,Ilyas Puckett,mujer,26,no es necesaria
579,Solomon Morton,hombre,27,vehiculo de carga
652,Lori Forrest,hombre,29,auto
479,Carter Plummer,hombre,25,auto
757,Kamran Santos,hombre,28,auto
793,India Camacho,mujer,32,auto
185,Ihsan Kelley,hombre,23,no es necesaria
75,Braiden Hoover,hombre,28,auto
82,Jayden-James Mckay,mujer,25,auto
144,Millie-Rose Frost,hombre,27,moto
26,Ottilie Campos,mujer,28,vehiculo de carga
191,Naeem Sharpe,hombre,29,no es necesaria
342,Adrienne Lamb,mujer,25,no es necesaria
699,Elle-May Iles,hombre,21,auto
800,Ariadne Hibbert,mujer,23,moto
187,Kathryn Whiteley,mujer,32,vehiculo de carga
493,Aubree Marsden,mujer,31,auto
507,Kian Branch,hombre,22,auto
553,Bridie Currie,mujer,24,auto
596,Kaiden Ewing,mujer,27,moto
344,Taybah Best,mujer,28,auto
334,Zaine Trujillo,hombre,39,auto
697,Ferne Fritz,mujer,19,auto
530,Ayaan Bass,hombre,23,auto
605,Alicja Magana,mujer,30,auto
339,Thea Stephens,mujer,37,vehiculo de carga
251,Mehak Dawson,mujer,23,no es necesaria
490,Anisha Brady,mujer,39,auto
353,Aisling Chaney,mujer,25,moto
